UUID,IP,NAME,TAGS(Category:Value)
9d65ebe0-280e-4e42-a002-d978e6cdd0ec,10.0.0.248,ip-10-0-0-248.ap-southeast-1.compute.internal,OS:Windows
d31d0f10-3bc3-45c7-abdd-9f1749552e15,10.0.2.87;54.252.175.177,ec2-54-252-175-177.ap-southeast-2.compute.amazonaws.com;ip-10-0-2-87.ap-southeast-2.compute.internal,OS:Windows
d8cee149-8eed-4796-aa06-bfa513a76dc4,10.0.0.25;100.26.176.158,ec2-100-26-176-158.compute-1.amazonaws.com;ip-10-0-0-25.ec2.internal,OS:Windows
c6a022b3-6add-4abb-adc9-40bab87d85a8,10.0.2.99;54.171.185.67,ec2-54-171-185-67.eu-west-1.compute.amazonaws.com;ip-10-0-2-99.eu-west-1.compute.internal,OS:Windows
ae7fb04b-d7ee-4947-a7f5-9af86afd93d0,172.26.48.136,vcenter6u2.target.tenablesecurity.com,OS:Windows
2bdc60c2-c1e7-48c1-aef5-af7c1c37a090,172.26.48.75,win7x64.target.tenablesecurity.com,OS:Windows
1603c7ef-be90-49fc-8fae-d37a0e779fe9,192.168.97.64,win-t6jsv8jvnk0.dc.demo.io,OS:Windows
7dfb367f-5a56-4076-8a24-5eae56d8cb8e,10.0.2.99,ip-10-0-2-99.us-east-2.compute.internal,OS:Windows
96e155af-e47a-42e1-a1fd-56910d178853,172.26.48.74,win7x86.target.tenablesecurity.com,OS:Windows
3e73068a-3daa-4b1c-aa7c-10bc760568e4,10.0.0.181;100.26.180.64,ec2-100-26-180-64.compute-1.amazonaws.com;ip-10-0-0-181.ec2.internal,OS:Windows
9ddc269c-7a3a-4b21-9889-0cab86ad435c,10.0.2.99;18.195.3.5,ec2-18-195-3-5.eu-central-1.compute.amazonaws.com;ip-10-0-2-99.eu-central-1.compute.internal,OS:Windows
e67ae3da-5b6e-4aad-8297-15da649d443f,192.168.10.97,ip-192-168-10-97.ec2.internal,OS:Windows
a8ed47c0-93ce-46d0-b02b-63b4f2562f7f,10.0.0.214,ip-10-0-0-69.us-east-2.compute.internal,OS:Windows
f00850f7-e1b4-4db7-ba0f-8184c3d9a21e,10.0.2.87;3.26.0.98,ec2-3-26-0-98.ap-southeast-2.compute.amazonaws.com;ip-10-0-2-87.ap-southeast-2.compute.internal,OS:Windows
1bcc90ec-ffa3-4e9c-96c6-2d7cf379c8a8,192.168.97.70,win-55s3nk4etuv.dc.demo.io,OS:Windows
2667a976-0131-4df9-8bae-313e1a848468,172.26.48.116,windows2012r2.target.tenablesecurity.com,OS:Windows
a05973a3-d534-44ec-96f5-764b2a5317bd,10.0.2.99;13.40.57.64,ec2-13-40-57-64.eu-west-2.compute.amazonaws.com;ip-10-0-2-99.eu-west-2.compute.internal,OS:Windows
e3906780-ef6a-43be-907c-ccd16386f518,10.0.2.99;13.36.209.253,ec2-13-36-209-253.eu-west-3.compute.amazonaws.com;ip-10-0-2-99.eu-west-3.compute.internal,OS:Windows
2ead988f-7075-4d8f-bf5c-eef79feff3fb,54.199.9.115;10.0.2.34,ec2-54-199-9-115.ap-northeast-1.compute.amazonaws.com;ip-10-0-2-34.ap-northeast-1.compute.internal,OS:Windows
cc3b6acc-cfa0-481f-97a7-0c86a02049d2,10.0.2.87;13.37.217.174,ec2-13-37-217-174.eu-west-3.compute.amazonaws.com;ip-10-0-2-87.eu-west-3.compute.internal,OS:Windows
46076c4e-d35b-42a7-8c6b-d16b4cc7c94e,172.31.29.213,ip-172-31-29-213.us-west-1.compute.internal,OS:Windows
54ab0b48-b647-4cb3-a120-1000d6c32778,10.0.2.99;3.87.116.191,ec2-3-87-116-191.compute-1.amazonaws.com;ip-10-0-2-99.ec2.internal,OS:Windows
168fbba3-cca2-41c7-9460-9b34d0e15c44,3.101.64.11;10.0.1.187,ip-10-0-1-187.us-west-1.compute.internal,OS:Windows
787dbc1c-2a73-48e6-b96d-c07f9c8e777e,3.250.118.249;10.0.0.55,ec2-3-250-118-249.eu-west-1.compute.amazonaws.com;ip-10-0-0-55.eu-west-1.compute.internal,OS:Windows
165be412-f36e-411a-ad69-270fbee5df7b,172.31.3.250,ip-172-31-3-250.us-west-1.compute.internal,OS:Windows
84441955-4f29-413c-b55a-78b9a948361d,192.168.97.0,devldap1.devldap1.dc.demo.io,OS:Windows
af23bad4-1c5b-4d82-9a96-5865bb2369d9,172.26.48.140,win10anny32.target.tenablesecurity.com,OS:Windows
230d1064-b743-41d8-97a9-438aefe84ce2,10.0.2.99;13.38.69.154,ec2-13-38-69-154.eu-west-3.compute.amazonaws.com;ip-10-0-2-99.eu-west-3.compute.internal,OS:Windows
0ae029dd-21d6-4a8e-a6e0-156b46f52f47,10.0.2.99,ip-10-0-2-99.eu-west-1.compute.internal,OS:Windows
c1dbeee7-4877-4e10-b1b7-ebfa63512976,172.26.48.15;192.168.48.15,sccm2016-1702.target.tenablesecurity.com;sccm2106-1702.dc.demo.io,OS:Windows
afc8b341-1069-4bc2-9098-8218608e35c3,172.31.5.239,ip-172-31-5-239.us-west-1.compute.internal,OS:Windows
bb8950f2-4ec0-466b-8329-d4d9c02ab9c8,10.0.2.99,ip-10-0-2-99.ca-central-1.compute.internal,OS:Windows
de30fac2-14b2-4cab-afb6-7d7f5015404c,192.168.0.38,bal-lab-hyp-004.hyperv.dc.demo.io,OS:Windows
840cc754-5a12-4bb6-84cd-9a16e7788d3c,3.252.89.36;10.0.0.70,ec2-3-252-89-36.eu-west-1.compute.amazonaws.com;ip-10-0-0-70.eu-west-1.compute.internal,OS:Windows
bd3cd006-15b0-415d-baae-221b2b604dae,172.26.48.119,segvip.target.tenablesecurity.com,OS:Windows
a3b1a46c-9ce7-4bf1-a9b5-ae7505a45387,15.206.145.159;10.0.0.52,ec2-15-206-145-159.ap-south-1.compute.amazonaws.com;ip-10-0-0-52.ap-south-1.compute.internal,OS:Windows
c7b7498c-c953-4f78-9a29-4a82231a8225,172.26.48.141,win10anny64.target.tenablesecurity.com,OS:Windows
5c526633-fc79-4316-8a34-a177cf66f978,192.168.97.68,win-6aldbop2jfo.dc.demo.io,OS:Windows
386e79aa-b272-4cd5-aed7-7fd544645418,192.168.97.100,win-2ugjdj85t7r.dc.demo.io,OS:Windows
6eecf428-9afb-4c8d-8f54-765be152c57a,192.168.48.41,sharepoint2019.dc.demo.io,OS:Windows
bc8b3c70-6791-4955-8071-3ba7a443f671,192.168.9.102,ip-192-168-9-102.ec2.internal,OS:Windows
bae428b4-8050-4990-a2a6-b7cf60e4bdf0,172.26.48.65,win2k8r2.target.tenablesecurity.com,OS:Windows
0cbb0282-0942-408c-8aab-9ce62bcbacdd,10.0.2.99;3.249.1.214,ec2-3-249-1-214.eu-west-1.compute.amazonaws.com;ip-10-0-2-99.eu-west-1.compute.internal,OS:Windows
d138576a-6fdc-442a-95a8-cab8426612c7,172.26.48.18,sql2014.target.tenablesecurity.com,OS:Windows
4a32c6d3-fc49-4aeb-ab2f-aafa4bea2d07,10.0.2.212,ip-10-0-2-212.us-west-1.compute.internal,OS:Windows
1f712c90-d562-4182-8c5e-acf449231933,10.0.2.221,ip-10-0-2-221.us-west-1.compute.internal,OS:Windows
0e24a279-69cd-4a21-be70-3b6b3205f3c9,10.0.2.99;15.236.208.195,ec2-15-236-208-195.eu-west-3.compute.amazonaws.com;ip-10-0-2-99.eu-west-3.compute.internal,OS:Windows
7269f45a-2465-441d-9b7d-dd719b9ffb48,13.211.147.226;10.0.0.52,ec2-13-211-147-226.ap-southeast-2.compute.amazonaws.com;ip-10-0-0-52.ap-southeast-2.compute.internal,OS:Windows
277eb3a5-fac1-4c74-a7ee-e245b54bdf7d,172.26.48.95,sccmhost.target.tenablesecurity.com,OS:Windows
0a8a1911-59c0-4fcb-b158-d7476b0ce2c7,192.168.0.76,hyperv2012.hyperv.dc.demo.io,OS:Windows
1e678485-26f8-426c-9a96-bd3cfbee4c75,50.19.161.97;10.0.2.99,ec2-50-19-161-97.compute-1.amazonaws.com;ip-10-0-2-99.ec2.internal,OS:Windows
2df43c5a-e285-4abe-bc1b-ac5b8f267841,54.245.207.237;10.0.0.187,ec2-54-245-207-237.us-west-2.compute.amazonaws.com;ip-10-0-0-187.us-west-2.compute.internal,OS:Windows
96b21bd0-3124-4268-8920-870b56a3570d,192.168.8.5,ip-192-168-8-5.ec2.internal,OS:Windows
5d631608-c845-49d7-a2f2-750ad3954e7a,10.0.2.99;52.214.69.200,ec2-52-214-69-200.eu-west-1.compute.amazonaws.com;ip-10-0-2-99.eu-west-1.compute.internal,OS:Windows
d6a73363-2ea8-4e5e-a5fa-79d311fd8e85,172.31.61.22;54.208.27.190,ec2-54-208-27-190.compute-1.amazonaws.com;ip-172-31-61-22.ec2.internal,OS:Windows
6299bff3-7615-4f29-9aba-aceefed5b296,10.0.2.34,ip-10-0-2-34.us-west-2.compute.internal,OS:Windows
b10fc1c4-7885-4614-ba58-46c0f56d3195,10.0.2.87,ip-10-0-2-87.us-west-2.compute.internal,OS:Windows
62ed3fd0-2a08-4119-b9ff-73c689bbbae2,10.0.2.34,ip-10-0-2-34.us-west-1.compute.internal,OS:Windows
7e2f647b-863c-48ba-aff0-26334816524f,10.0.2.248,ip-10-0-2-248.ap-northeast-1.compute.internal,OS:Linux
70a559ae-46fe-425e-bba4-bd7056118d7f,10.0.2.87,ip-10-0-2-87.ap-south-1.compute.internal,OS:Windows
b8220ee1-a488-4c49-81d7-566f9ca10a6d,10.0.2.99,ip-10-0-2-99.ap-northeast-1.compute.internal,OS:Windows
c729d6f3-f685-4521-ae91-19a9c2c0a8cc,10.0.2.244,ip-10-0-2-244.ap-northeast-1.compute.internal,OS:Linux
0a7598a2-22e5-4472-b928-d7081a17b14e,10.0.2.6,ip-10-0-2-6.ap-northeast-1.compute.internal,OS:Linux
0f4c7da1-9369-46d1-8e36-cbda67414af3,10.0.2.245,ip-10-0-2-245.ap-northeast-1.compute.internal,OS:Linux
78ee23a0-d39e-48de-9136-18e9690facc1,10.0.2.34,ip-10-0-2-34.ap-south-1.compute.internal,OS:Windows
5989992c-8910-4d5d-9eac-e097fabb5b87,10.0.2.246,ip-10-0-2-246.ap-northeast-1.compute.internal,OS:Linux
9bcc083b-c6bf-476a-877a-7b0be3b5ef64,10.0.2.5,ip-10-0-2-5.ap-northeast-1.compute.internal,OS:Linux
a1bf5899-7060-4bd5-9154-b574d29c26a4,192.168.48.37,ubuntu2104-desktop.dc.demo.io,OS:Linux
b0de8d2a-98ce-4bdd-ad33-157cbdfa607c,10.0.0.45,ip-10-0-0-45.us-west-1.compute.internal,OS:Linux
82f29991-c0ff-4c32-9400-84f34f767dd7,3.65.207.229;10.0.0.241,ec2-3-65-207-229.eu-central-1.compute.amazonaws.com;ip-10-0-0-241.eu-central-1.compute.internal,OS:Linux
67be5ff5-df20-4b4a-8bbc-b607e85fdef5,10.0.2.244;35.180.47.60,ec2-35-180-47-60.eu-west-3.compute.amazonaws.com;ip-10-0-2-244.eu-west-3.compute.internal,OS:Linux
549561ce-66d2-44b1-8541-5d244c42dac8,10.0.0.8;54.217.140.173,ec2-54-217-140-173.eu-west-1.compute.amazonaws.com;ip-10-0-0-8.eu-west-1.compute.internal,OS:Linux
4c639238-7292-4dc6-a46c-c10d4bf90886,10.0.2.5;3.91.0.72,ec2-3-91-0-72.compute-1.amazonaws.com;ip-10-0-2-5.ec2.internal,OS:Linux
d624bc2a-904d-4331-a3dd-ff7c698b6705,10.0.2.245,ip-10-0-2-245.ca-central-1.compute.internal,OS:Linux
fe603107-d74a-428e-abcd-520f800f11e0,10.0.2.5;13.36.36.243,ec2-13-36-36-243.eu-west-3.compute.amazonaws.com;ip-10-0-2-5.eu-west-3.compute.internal,OS:Linux
35afc514-7048-42d2-8838-7b62e7ba5e8e,10.0.2.244,ip-10-0-2-244.eu-central-1.compute.internal,OS:Linux
60289fb2-14f7-4e67-90af-709bbba87697,10.0.2.5;18.202.77.63,ec2-18-202-77-63.eu-west-1.compute.amazonaws.com;ip-10-0-2-5.eu-west-1.compute.internal,OS:Linux
bbd33373-3818-435b-b254-722c06fa4586,192.168.0.72,linksysea6400.dc.demo.io,OS:Linux
8b4123f4-cf55-4e5f-9a6e-cfb1abc21a75,10.0.0.7;18.142.115.184,ec2-18-142-115-184.ap-southeast-1.compute.amazonaws.com;ip-10-0-0-7.ap-southeast-1.compute.internal,OS:Linux
aa349626-0f08-414a-ad27-a78fc309e7fe,172.31.32.208;15.229.18.33,ec2-15-229-18-33.sa-east-1.compute.amazonaws.com;ip-172-31-32-208.sa-east-1.compute.internal,OS:Linux
0c8ae13d-5476-4442-addd-b1680bc69f7a,10.0.0.7;3.15.146.125,ec2-3-15-146-125.us-east-2.compute.amazonaws.com;ip-10-0-0-7.us-east-2.compute.internal,OS:Linux
a4ebcbb1-ef22-46ec-9ad5-6d700bb5d242,3.249.43.106;10.0.0.200,ec2-3-249-43-106.eu-west-1.compute.amazonaws.com;ip-10-0-0-200.eu-west-1.compute.internal,OS:Linux
c73637a7-7d4f-4b56-98ff-da1233f75ff3,10.0.0.158;34.219.54.198,ec2-34-219-54-198.us-west-2.compute.amazonaws.com;ip-10-0-0-158.us-west-2.compute.internal,OS:Linux
4e6a0f5b-59ff-4c83-8eb0-fe3aaf587817,192.168.0.42,bal-lab-pvs-001.dc.demo.io,OS:Linux
8bf36a84-c27f-4c3a-ae8d-8c13ef343240,18.130.211.162;10.0.2.8,ec2-18-130-211-162.eu-west-2.compute.amazonaws.com;ip-10-0-2-8.eu-west-2.compute.internal,OS:Linux
76a47789-0c79-4605-adec-e116146095e0,10.0.2.7;34.244.235.149,ec2-34-244-235-149.eu-west-1.compute.amazonaws.com;ip-10-0-2-7.eu-west-1.compute.internal,OS:Linux
662cc4b2-e0f7-40d7-bad4-238580a7d330,172.31.11.169,ip-172-31-11-169.us-west-1.compute.internal,OS:Linux
e420e707-5253-41d3-868e-63b6a1f8aab4,10.0.2.7;13.37.249.23,ec2-13-37-249-23.eu-west-3.compute.amazonaws.com;ip-10-0-2-7.eu-west-3.compute.internal,OS:Linux
5868e64d-17ef-4688-9b97-2854aafa5e3a,192.168.0.31,smtp.dc.demo.io,OS:Linux
8db9d9a0-a2f1-4bfd-9b8a-bb71b0fd6257,10.0.2.248;54.67.76.84,ec2-54-67-76-84.us-west-1.compute.amazonaws.com;ip-10-0-2-248.us-west-1.compute.internal,OS:Linux
bace1998-e82d-4e23-a7b4-bc7385a9cc05,13.215.45.36;10.0.0.199,ec2-13-215-45-36.ap-southeast-1.compute.amazonaws.com;ip-10-0-0-199.ap-southeast-1.compute.internal,OS:Linux
65eb126b-a45a-4628-af1b-8425546ceb6f,10.0.0.16,ip-10-0-0-16.ap-southeast-1.compute.internal,OS:Linux
11f6ded8-77d0-497a-8a37-8c87e30617f4,18.130.238.59;10.0.0.210,ec2-18-130-238-59.eu-west-2.compute.amazonaws.com;ip-10-0-0-210.eu-west-2.compute.internal,OS:Linux
565e3a16-4385-4ea8-b2f6-498aa177afd7,10.0.1.5;3.72.127.100;10.0.1.6,ip-10-0-1-5.eu-central-1.compute.internal,OS:Linux
99a03345-835b-42b7-b87c-2f5760195c08,3.26.27.248;10.0.0.192,ec2-3-26-27-248.ap-southeast-2.compute.amazonaws.com;ip-10-0-0-192.ap-southeast-2.compute.internal,OS:Linux
cc5f3148-15a3-4118-ab28-edbd66dd7d13,10.0.0.8;3.39.230.9,ec2-3-39-230-9.ap-northeast-2.compute.amazonaws.com;ip-10-0-0-8.ap-northeast-2.compute.internal,OS:Linux
52864e23-1942-4f54-95ae-eb0d699d4e41,10.0.2.245;13.57.5.105,ec2-13-57-5-105.us-west-1.compute.amazonaws.com;ip-10-0-2-245.us-west-1.compute.internal,OS:Linux
9418b295-1660-43ee-b4b4-e4f5fe6f4b0c,10.0.0.8;35.91.97.252,ec2-35-91-97-252.us-west-2.compute.amazonaws.com;ip-10-0-0-8.us-west-2.compute.internal,OS:Linux
77f7b8af-80e2-4b11-b131-0f9c327fd4ba,172.26.48.78,webapp1.target.tenablesecurity.com,OS:Linux
c4cae0fc-de89-446c-8564-9d45761a1334,10.0.0.7,ip-10-0-0-7.ap-southeast-1.compute.internal,OS:Linux
a2776d5c-9d57-4fb4-a3fd-67babd1d01d0,13.125.209.26;10.0.2.9,ec2-13-125-209-26.ap-northeast-2.compute.amazonaws.com;ip-10-0-2-9.ap-northeast-2.compute.internal,OS:Linux
26a050a7-87ce-4eb8-a4c1-c1f0d0932db4,10.0.2.218;15.237.125.24,ec2-15-237-125-24.eu-west-3.compute.amazonaws.com;ip-10-0-2-218.eu-west-3.compute.internal,OS:Linux
2e1c69f9-9377-435b-b704-c287f49f5136,10.0.0.7;52.210.189.74,ec2-52-210-189-74.eu-west-1.compute.amazonaws.com;ip-10-0-0-7.eu-west-1.compute.internal,OS:Linux
65bf5b68-4c2f-4998-8706-049643434410,172.26.48.13,fedorawork25.target.tenablesecurity.com,OS:Linux
944af330-4e0c-45fe-9e1f-c97035e834ff,54.177.148.214;10.0.2.248,ec2-54-177-148-214.us-west-1.compute.amazonaws.com;ip-10-0-2-248.us-west-1.compute.internal,OS:Linux
afdb67bb-8517-44c4-86e1-e605e2781ab6,10.0.2.248;52.208.184.105,ec2-52-208-184-105.eu-west-1.compute.amazonaws.com;ip-10-0-2-248.eu-west-1.compute.internal,OS:Linux
d53c36e2-6c3a-4818-a163-3ba984342b80,172.31.10.132;174.129.73.67,ec2-174-129-73-67.compute-1.amazonaws.com;ip-172-31-10-132.ec2.internal,OS:Linux
be812ac6-fe51-4e2c-b700-e45c7d041ded,10.0.0.158;3.139.97.42,ec2-3-139-97-42.us-east-2.compute.amazonaws.com;ip-10-0-0-158.us-east-2.compute.internal,OS:Linux
7f42c981-e227-4aca-b31b-91f64f78a028,172.26.48.25,centos6x64.target.tenablesecurity.com,OS:Linux
76d55eba-b5ce-454b-a144-bfaac6a551e3,10.0.1.5;3.74.80.136;10.0.1.6,ip-10-0-1-5.eu-central-1.compute.internal,OS:Linux
30016dc2-00e2-416d-8255-293418ab050d,10.0.2.244;54.219.164.47,ec2-54-219-164-47.us-west-1.compute.amazonaws.com;ip-10-0-2-244.us-west-1.compute.internal,OS:Linux
35e4aa4a-7daf-4f97-8036-2ec4db9f699b,192.168.48.152,oraclelinux6_9.dc.demo.io,OS:Linux
461e5a42-b27c-4cae-8c79-4cb96399cf36,54.242.132.22;10.0.2.248,ec2-54-242-132-22.compute-1.amazonaws.com;ip-10-0-2-248.ec2.internal,OS:Linux
13f50285-1a1a-4612-8588-22c9a9be775f,172.26.48.131,debian864.target.tenablesecurity.com,OS:Linux
9414d36c-64db-40de-94e2-aedd264e04bc,10.0.0.38,ip-10-0-0-38.ap-southeast-1.compute.internal,OS:Linux
0f48a082-cc7c-4145-a0fe-8a8dfab497b0,10.0.0.71;34.241.47.252,ec2-34-241-47-252.eu-west-1.compute.amazonaws.com;ip-10-0-0-71.eu-west-1.compute.internal,OS:Linux
84fb6bca-eff6-4bfa-8a95-fb2f3349daa0,44.210.104.219;10.0.0.158,ec2-44-210-104-219.compute-1.amazonaws.com;ip-10-0-0-158.ec2.internal,OS:Linux
981d4ce6-5676-4f77-af0e-d3c7d90c9163,172.31.10.100,ip-172-31-10-100.us-west-1.compute.internal,OS:Linux
972f3064-3c23-46b2-802d-a712e8359a3b,10.0.2.244;18.203.65.110,ec2-18-203-65-110.eu-west-1.compute.amazonaws.com;ip-10-0-2-244.eu-west-1.compute.internal,OS:Linux
188d4511-15d1-46c6-88b9-059ea3edfbdb,172.31.17.55,ip-172-31-17-55.us-west-1.compute.internal,OS:Linux
dd085c78-5d89-4464-9fa5-2ff360511bd5,10.0.2.244;3.8.234.142,ec2-3-8-234-142.eu-west-2.compute.amazonaws.com;ip-10-0-2-244.eu-west-2.compute.internal,OS:Linux
ad692a7f-fe64-462e-be1f-ae943236f36c,10.0.0.234;54.153.97.78,ec2-54-153-97-78.us-west-1.compute.amazonaws.com;ip-10-0-0-234.us-west-1.compute.internal,OS:Linux
a6b70f2d-28b4-45c3-a4d1-5d383735ef55,172.26.48.79,webapp1-2.target.tenablesecurity.com,OS:Linux
dea54cb2-d877-47c1-be4b-fae2b758f028,192.168.11.158,ip-192-168-11-158.ec2.internal,OS:Linux
fcea2feb-cab0-4d59-ae6c-0c92c12924a5,10.0.2.6;15.188.76.89,ec2-15-188-76-89.eu-west-3.compute.amazonaws.com;ip-10-0-2-6.eu-west-3.compute.internal,OS:Linux
60ea7580-5d41-4314-bf14-b6c9a799bf67,10.0.0.158;3.25.104.122,ec2-3-25-104-122.ap-southeast-2.compute.amazonaws.com;ip-10-0-0-158.ap-southeast-2.compute.internal,OS:Linux
ca1055ea-27c0-40d6-b147-b1e6a2710a34,172.26.48.77,pvssupport.target.tenablesecurity.com,OS:Linux
79ca7ed6-eb3a-4fa1-8097-d9351c557dd0,13.57.69.23;10.0.0.48,ec2-13-57-69-23.us-west-1.compute.amazonaws.com;ip-10-0-0-48.us-west-1.compute.internal,OS:Linux
08c66c81-1643-40cf-9bb0-7e9da61c349c,192.168.97.50,jayson-dev2.dc.demo.io,OS:Linux
677cbd63-0a63-448b-98b3-34042a252c6d,54.183.167.230;10.0.0.116,ip-10-0-0-116.us-west-1.compute.internal,OS:Linux
84ebf804-9102-4703-9c84-d88b663b6699,10.0.2.5;54.193.157.91,ec2-54-193-157-91.us-west-1.compute.amazonaws.com;ip-10-0-2-5.us-west-1.compute.internal,OS:Linux
3c1dff6f-1f23-4ce5-ba9c-004ff996000b,192.168.48.27,mint20.dc.demo.io,OS:Linux
01deaf77-d361-4196-999a-cf99c87e8fa9,192.168.0.39,idrac8.dc.demo.io,OS:Linux
a190a52d-b8f6-4b16-9f0c-833016f44d80,10.0.0.7;13.40.173.43,ec2-13-40-173-43.eu-west-2.compute.amazonaws.com;ip-10-0-0-7.eu-west-2.compute.internal,OS:Linux
21098db3-052c-4ed4-b775-cc1a82007662,192.168.48.40,openmandriva4.dc.demo.io,OS:Linux
0ca7ef25-3ec7-4cf2-a8d6-c05619123d54,172.31.1.30,ip-172-31-1-30.us-west-1.compute.internal,OS:Linux
53928dae-7328-42cd-a75f-fdea21c2f5a9,54.156.123.23;172.31.88.49,ec2-54-156-123-23.compute-1.amazonaws.com;ip-172-31-88-49.ec2.internal,OS:Linux
7f935fe1-6567-400a-9458-c9a809a9c30e,10.0.1.8;10.0.1.7;52.58.15.105,ip-10-0-1-7.eu-central-1.compute.internal,OS:Linux
250359a1-3237-4ab0-968e-9d9b6fb3069f,192.168.97.59,ubuntu2004sw.dc.demo.io,OS:Linux
e305fcd0-56f3-46c8-b81b-21b39f5d83d1,10.0.0.7;18.142.121.201,ec2-18-142-121-201.ap-southeast-1.compute.amazonaws.com;ip-10-0-0-7.ap-southeast-1.compute.internal,OS:Linux
4bbf8f70-97ee-4ef8-8c22-470b11ee38c1,10.0.2.5;3.70.175.143,ec2-3-70-175-143.eu-central-1.compute.amazonaws.com;ip-10-0-2-5.eu-central-1.compute.internal,OS:Linux
25b1c833-245d-4914-a6ad-a0c3da6350fc,10.0.2.248;13.40.23.109,ec2-13-40-23-109.eu-west-2.compute.amazonaws.com;ip-10-0-2-248.eu-west-2.compute.internal,OS:Linux
12afe3cd-addd-4fe0-a400-7f6bb88567e8,10.0.2.244,ip-10-0-2-244.eu-west-3.compute.internal,OS:Linux
3eca6ce7-1c1d-4601-8f02-4210a5a0d64b,172.31.61.23;34.229.254.125,ec2-34-229-254-125.compute-1.amazonaws.com;ip-172-31-61-23.ec2.internal,OS:Linux
b8f35c96-dd11-499a-9608-f46ec5a12437,10.0.2.6;35.180.209.237,ec2-35-180-209-237.eu-west-3.compute.amazonaws.com;ip-10-0-2-6.eu-west-3.compute.internal,OS:Linux
dfdbe1ad-b784-46d3-b0c6-661bdfe3dfe9,192.168.0.35,ciscoids4210.dc.demo.io,OS:Linux
142efdb2-78cd-4ff0-9c58-4fbe39986a2f,172.26.48.125,opensuse13.target.tenablesecurity.com,OS:Linux
ac5bb3bb-d1db-4e75-8050-c3f8d0797714,10.0.1.7;35.156.114.81;10.0.1.8,ip-10-0-1-7.eu-central-1.compute.internal,OS:Linux
950ba478-0780-42b1-833a-960a9dfcb0c4,10.0.2.8;15.188.207.112,ec2-15-188-207-112.eu-west-3.compute.amazonaws.com;ip-10-0-2-8.eu-west-3.compute.internal,OS:Linux
89fa43d2-c2bd-48af-860f-37fcbf7148bf,10.0.0.158;65.1.85.220,ec2-65-1-85-220.ap-south-1.compute.amazonaws.com;ip-10-0-0-158.ap-south-1.compute.internal,OS:Linux
a13e2833-44d0-4535-8bfd-ece2df8a0ced,10.168.9.11,ip-10-168-9-11.data.tenable.com,OS:Linux
22381b6e-0a70-4b83-8531-26b55ceebb43,10.0.2.7;15.237.25.124,ec2-15-237-25-124.eu-west-3.compute.amazonaws.com;ip-10-0-2-7.eu-west-3.compute.internal,OS:Linux
78135e2e-a5df-439e-b526-8c9cba40b52c,192.168.97.102,abhishek-test2.dc.demo.io,OS:Linux
89db73b0-bdd1-4ca8-ad14-0a76353acf51,10.0.2.245;3.97.6.226,ec2-3-97-6-226.ca-central-1.compute.amazonaws.com;ip-10-0-2-245.ca-central-1.compute.internal,OS:Linux
d48d77ee-9a58-4fee-94d1-db425681c01b,34.242.216.29;10.0.0.31,ec2-34-242-216-29.eu-west-1.compute.amazonaws.com;ip-10-0-0-31.eu-west-1.compute.internal,OS:Linux
328b763d-53c7-4192-8a46-b62c52004dc5,172.26.48.11,mint18.target.tenablesecurity.com,OS:Linux
87a8cf25-6db7-464c-b257-d1d5d64f5278,18.119.141.43;10.0.0.200,ec2-18-119-141-43.us-east-2.compute.amazonaws.com;ip-10-0-0-200.us-east-2.compute.internal,OS:Linux
dbdf378d-5e92-4d11-9155-d1c4358ec06c,10.0.0.7;13.213.7.126,ec2-13-213-7-126.ap-southeast-1.compute.amazonaws.com;ip-10-0-0-7.ap-southeast-1.compute.internal,OS:Linux
266efe9d-b015-44f3-b908-bf12fec73018,10.0.0.7;3.238.198.197,ec2-3-238-198-197.compute-1.amazonaws.com;ip-10-0-0-7.ec2.internal,OS:Linux
d0471351-e0ab-4404-9d87-3c4f7742dd23,10.0.0.224,ip-10-0-0-224.ap-southeast-1.compute.internal,OS:Linux
e4c90c58-d465-477b-a44d-20b84000997a,10.0.0.200;43.200.179.136,ec2-43-200-179-136.ap-northeast-2.compute.amazonaws.com;ip-10-0-0-200.ap-northeast-2.compute.internal,OS:Linux
c2886b35-4397-455d-beef-d12c8f508765,10.0.2.246,ip-10-0-2-246.eu-west-1.compute.internal,OS:Linux
87626f6b-beb3-4b47-90a7-aa5cb8d2478d,192.168.48.43,citrixhypervisor.dc.demo.io,OS:Linux
d8fa6a62-107f-454e-a077-9121002a51cc,192.168.48.127,jboss.dc.demo.io,OS:Linux
71540ca0-fd0e-410f-892b-e47531b9696d,10.0.2.245;54.176.175.18,ec2-54-176-175-18.us-west-1.compute.amazonaws.com;ip-10-0-2-245.us-west-1.compute.internal,OS:Linux
6a4caa03-9e10-40df-b8bc-a9f125a864de,192.168.97.48,tenable-scinstance.dc.demo.io,OS:Linux
6ac701ce-80ba-4454-9968-589e98903c9c,54.90.93.65;10.0.2.248,ec2-54-90-93-65.compute-1.amazonaws.com;ip-10-0-2-248.ec2.internal,OS:Linux
fb4dcb00-6f05-4733-aba1-6005b9ce67a1,10.0.2.245,ip-10-0-2-245.eu-central-1.compute.internal,OS:Linux
1f54512f-ac85-4077-9023-7617c52f1790,10.0.0.200,ip-10-0-0-200.eu-west-1.compute.internal,OS:Linux
862563e0-0c24-40d9-8fd4-46047c8a73d7,172.31.2.171,ip-172-31-2-171.us-west-1.compute.internal,OS:Linux
b67c091b-f073-487a-a94e-0744fd9aa01f,192.168.48.54,fedoraserver32.dc.demo.io,OS:Linux
7810ab16-8ed8-4989-8952-ff2d988b9374,13.212.16.38;10.0.0.30,ec2-13-212-16-38.ap-southeast-1.compute.amazonaws.com;ip-10-0-0-30.ap-southeast-1.compute.internal,OS:Linux
4c3fdf03-f929-456d-8ffd-9f36f0cfe0e4,54.176.62.252;10.0.0.30,ec2-54-176-62-252.us-west-1.compute.amazonaws.com;ip-10-0-0-30.us-west-1.compute.internal,OS:Linux
261be780-a227-43d9-af3b-801e0930335f,10.0.0.8,ip-10-0-0-8.ap-southeast-1.compute.internal,OS:Linux
ee1e072c-4d96-4a3a-bf18-45b3ceffa7b1,35.164.199.124;10.0.0.200,ec2-35-164-199-124.us-west-2.compute.amazonaws.com;ip-10-0-0-200.us-west-2.compute.internal,OS:Linux
4518fd3a-566d-4b87-abf4-d1a90be91a7a,10.0.2.6,ip-10-0-2-6.eu-west-3.compute.internal,OS:Linux
8b6f8bb6-79dd-4625-acb5-5b6913e34181,192.168.0.26,lab-files-001.dc.demo.io,OS:Linux
3e22d56f-54bd-493e-a2d6-25b3d2610e71,3.26.197.255;10.0.0.184,ec2-3-26-197-255.ap-southeast-2.compute.amazonaws.com;ip-10-0-0-184.ap-southeast-2.compute.internal,OS:Linux
3f8af0e6-cfb4-48d3-8242-78bb2c8a4e09,172.31.9.226,ip-172-31-9-226.us-west-1.compute.internal,OS:Linux
63a73fa6-c1fc-4b5b-badb-afdec8f9b312,192.168.48.66,ubu2010serv.dc.demo.io,OS:Linux
0864a4c3-4037-4997-a667-8e46d841719a,10.0.2.8;3.70.154.90,ec2-3-70-154-90.eu-central-1.compute.amazonaws.com;ip-10-0-2-8.eu-central-1.compute.internal,OS:Linux
8e4eca32-e69f-4ff5-8542-6d8bcfb05025,10.0.2.6;54.171.90.191,ec2-54-171-90-191.eu-west-1.compute.amazonaws.com;ip-10-0-2-6.eu-west-1.compute.internal,OS:Linux
40637e84-857e-4ce3-ad09-d8aab654e45c,10.0.0.71;13.212.237.96,ec2-13-212-237-96.ap-southeast-1.compute.amazonaws.com;ip-10-0-0-71.ap-southeast-1.compute.internal,OS:Linux
0dbe011d-42de-420d-a677-ddac9e66b767,18.141.167.176;10.0.0.30,ec2-18-141-167-176.ap-southeast-1.compute.amazonaws.com;ip-10-0-0-30.ap-southeast-1.compute.internal,OS:Linux
da368faf-8c8d-4eb2-a585-00628e4e1efc,172.31.21.85;52.23.171.80,ec2-52-23-171-80.compute-1.amazonaws.com;ip-172-31-21-85.ec2.internal,OS:Linux
d887d00f-ea96-4f50-bf3c-d773fc16b6b7,34.245.12.165;10.0.0.251,ec2-34-245-12-165.eu-west-1.compute.amazonaws.com;ip-10-0-0-251.eu-west-1.compute.internal,OS:Linux
5257676c-0920-4b8b-9418-3557055f6955,10.0.2.248;3.251.239.194,ec2-3-251-239-194.eu-west-1.compute.amazonaws.com;ip-10-0-2-248.eu-west-1.compute.internal,OS:Linux
204b3c47-4d70-4bfd-9342-bf33d86d2a4e,10.0.2.244;35.159.40.150,ec2-35-159-40-150.eu-central-1.compute.amazonaws.com;ip-10-0-2-244.eu-central-1.compute.internal,OS:Linux
c926919e-34d2-4809-86da-a23ab1f5cf96,10.0.0.7;18.203.153.29,ec2-18-203-153-29.eu-west-1.compute.amazonaws.com;ip-10-0-0-7.eu-west-1.compute.internal,OS:Linux
7325dd0c-5f5a-4c13-a407-af2446cde679,192.168.48.48,opensuse15.dc.demo.io,OS:Linux
e320d71e-dba7-4150-8b18-9381d6213605,10.0.0.7;54.153.56.219,ec2-54-153-56-219.us-west-1.compute.amazonaws.com;ip-10-0-0-7.us-west-1.compute.internal,OS:Linux
4485d950-99ea-40b6-bb29-1ddae2cccd62,172.26.48.55,slackware13.target.tenablesecurity.com,OS:Linux
338d14ac-7622-4f15-9f77-0662c425356b,172.31.6.105,ip-172-31-6-105.us-west-1.compute.internal,OS:Linux
4db79b16-0df7-40dc-a873-589778271d79,10.0.0.71;13.125.3.9,ec2-13-125-3-9.ap-northeast-2.compute.amazonaws.com;ip-10-0-0-71.ap-northeast-2.compute.internal,OS:Linux
c0eed916-578c-4bcf-b3f0-467229cb57fa,10.0.0.71;13.212.67.209,ec2-13-212-67-209.ap-southeast-1.compute.amazonaws.com;ip-10-0-0-71.ap-southeast-1.compute.internal,OS:Linux
d43fca01-e53d-47bb-8bcd-9f951d624e4b,54.177.48.39;10.0.2.7,ec2-54-177-48-39.us-west-1.compute.amazonaws.com;ip-10-0-2-7.us-west-1.compute.internal,OS:Linux
f39444d6-b657-4e98-af81-9120d65a8225,10.0.2.7;15.237.126.108,ec2-15-237-126-108.eu-west-3.compute.amazonaws.com;ip-10-0-2-7.eu-west-3.compute.internal,OS:Linux
3cf85b1f-5645-465f-b155-285255a3c573,10.0.2.244;18.202.54.152,ec2-18-202-54-152.eu-west-1.compute.amazonaws.com;ip-10-0-2-244.eu-west-1.compute.internal,OS:Linux
2d687277-3186-462e-a64c-d129812c6596,10.0.0.158,ip-10-0-0-158.ap-southeast-1.compute.internal,OS:Linux
e4f7e03d-f7b6-4539-af1a-d61d6e52ba89,192.168.97.99,abhishek-test1.dc.demo.io,OS:Linux
c0febd48-741a-4e32-9d54-6818a26e5755,3.144.217.211;10.0.2.226,ec2-3-144-217-211.us-east-2.compute.amazonaws.com;ip-10-0-2-226.us-east-2.compute.internal,OS:Linux
25368f66-0d6d-40d5-b702-efa9ccd7ed59,10.0.0.8;18.138.241.191,ec2-18-138-241-191.ap-southeast-1.compute.amazonaws.com;ip-10-0-0-8.ap-southeast-1.compute.internal,OS:Linux
78abcf5c-ef90-46a5-ac1a-9ed52905d65e,192.168.48.149,oraclelinux7_3.dc.demo.io,OS:Linux
c85776c0-2dfb-45f8-be8e-64303b7f92eb,172.26.48.19,ubuntu1710-desktop.target.tenablesecurity.com,OS:Linux
80a97cd6-0fb3-4b18-9a6a-70ec594b541d,10.0.2.244;35.183.34.123,ec2-35-183-34-123.ca-central-1.compute.amazonaws.com;ip-10-0-2-244.ca-central-1.compute.internal,OS:Linux
f7b1897c-5a70-4520-b476-fdd9ae0475e6,172.31.28.51;54.183.233.139,ec2-54-183-233-139.us-west-1.compute.amazonaws.com;ip-172-31-28-51.us-west-1.compute.internal,OS:Linux
1d026bd8-4400-4d9a-8914-8933e6b2c32e,172.31.26.150,ip-172-31-26-150.us-west-1.compute.internal,OS:Linux
eb4c9c40-1d5b-4d5a-8f3e-c2d988c1e0ed,10.0.2.5;3.250.145.189,ec2-3-250-145-189.eu-west-1.compute.amazonaws.com;ip-10-0-2-5.eu-west-1.compute.internal,OS:Linux
14b96270-f8a6-49e8-8ec7-fbffa364b705,13.212.53.61;10.0.0.30,ec2-13-212-53-61.ap-southeast-1.compute.amazonaws.com;ip-10-0-0-30.ap-southeast-1.compute.internal,OS:Linux
1405cfb6-d9dd-4588-9e80-ccc6d381f735,10.0.2.6;52.53.203.213,ec2-52-53-203-213.us-west-1.compute.amazonaws.com;ip-10-0-2-6.us-west-1.compute.internal,OS:Linux
26040274-0851-48d3-87b6-de75b0c3d59e,192.168.48.55,fedorawork32.dc.demo.io,OS:Linux
0c864249-cd0d-4d2d-a0a5-d9667d7ec4f7,3.85.203.177;10.0.2.7,ec2-3-85-203-177.compute-1.amazonaws.com;ip-10-0-2-7.ec2.internal,OS:Linux
0a4f23e5-6f72-46ba-a23d-9cf48dfebfbe,192.168.48.104,rhel7.dc.demo.io,OS:Linux
e12bcf69-fcd3-465c-abcc-a650da2c4399,54.171.128.213;10.0.0.30,ec2-54-171-128-213.eu-west-1.compute.amazonaws.com;ip-10-0-0-30.eu-west-1.compute.internal,OS:Linux
96126d22-9b38-4cd1-94a7-e33679a5debd,192.168.48.61,fedoraserv33.dc.demo.io,OS:Linux
7d8b4349-90b8-45be-9f46-ef3ab854adf7,192.168.97.39,sachit-test4.dc.demo.io,OS:Linux
f4bbe45b-e087-4fd0-a244-1952d200941c,172.26.48.17,ubuntu1704-desktop.target.tenablesecurity.com,OS:Linux
ab11b26b-abb5-4259-8531-0d1325534062,192.168.97.76,tenable-rpg3mu69.dc.demo.io,OS:Linux
c93d2feb-336e-4b89-8036-fbebf8345080,10.0.0.7;54.252.214.61,ec2-54-252-214-61.ap-southeast-2.compute.amazonaws.com;ip-10-0-0-7.ap-southeast-2.compute.internal,OS:Linux
b659c848-5faa-4dae-a1af-5a80fd39c8ed,10.0.0.203;18.177.148.124,ec2-18-177-148-124.ap-northeast-1.compute.amazonaws.com;ip-10-0-0-203.ap-northeast-1.compute.internal,OS:Linux
fa973efc-df5e-4102-8057-862baa11a943,10.0.0.8;18.205.176.75,ec2-18-205-176-75.compute-1.amazonaws.com;ip-10-0-0-8.ec2.internal,OS:Linux
2468826b-fa3d-44f8-8474-ed4d1519400e,13.250.172.79;10.0.0.30,ec2-13-250-172-79.ap-southeast-1.compute.amazonaws.com;ip-10-0-0-30.ap-southeast-1.compute.internal,OS:Linux
a43192f7-6f5b-49cb-b35a-c515cbfa23a2,172.26.48.150,opensuse42_2.target.tenablesecurity.com,OS:Linux
e009da70-e54e-4e2a-af65-a09df7ab1b0d,192.168.97.60,sachit-test1.dc.demo.io,OS:Linux
0b831381-e216-4166-9bf9-4d63414a8f29,3.253.24.235;10.0.0.30,ec2-3-253-24-235.eu-west-1.compute.amazonaws.com;ip-10-0-0-30.eu-west-1.compute.internal,OS:Linux
cbe32eec-9d6d-438a-bcd2-a13a068d49c5,172.31.3.19,ip-172-31-3-19.us-west-1.compute.internal,OS:Linux
d1bc354c-c662-43a4-a6ef-48b98b310f86,54.180.26.47;10.0.0.31,ec2-54-180-26-47.ap-northeast-2.compute.amazonaws.com;ip-10-0-0-31.ap-northeast-2.compute.internal,OS:Linux
553fd636-0f25-4297-a608-8e10738ac4b1,54.183.214.239;10.0.2.229,ec2-54-183-214-239.us-west-1.compute.amazonaws.com;ip-10-0-2-229.us-west-1.compute.internal,OS:Linux
5731326f-eac3-4e49-bb3f-19e2b35e2091,10.0.2.145;54.234.175.155,ec2-54-234-175-155.compute-1.amazonaws.com;ip-10-0-2-145.ec2.internal,OS:Linux
30f7219f-affd-4a72-b723-10f8094459b5,192.168.9.12;52.0.118.171,ec2-52-0-118-171.compute-1.amazonaws.com;ip-192-168-9-12.ec2.internal,OS:Linux
e4561b8f-ec58-4763-a66d-6a87da52400a,10.0.2.188;3.99.134.249,ec2-3-99-134-249.ca-central-1.compute.amazonaws.com;ip-10-0-2-188.ca-central-1.compute.internal,OS:Linux
5244ce28-4474-4ec3-8b9a-b10706747bbb,34.244.252.72;10.0.0.158,ec2-34-244-252-72.eu-west-1.compute.amazonaws.com;ip-10-0-0-158.eu-west-1.compute.internal,OS:Linux
d30e01d8-4678-437d-ad34-27496699e3a7,54.177.221.251;10.0.1.18,ip-10-0-1-18.us-west-1.compute.internal,OS:Linux
ce4fdc7a-27bc-4566-b213-8cb844fddbc6,10.0.2.5,ip-10-0-2-5.us-east-2.compute.internal,OS:Linux
93aa3ba3-a022-44bd-ac59-0244e5034f24,10.0.0.158,ip-10-0-0-158.eu-west-1.compute.internal,OS:Linux
4082a6d0-55ae-4a41-8b2b-599dd76c4951,192.168.18.248,neng-m1-win2k8r2entx64.agentlab.qa,OS:Linux
44e4ebfa-93c0-43ca-81aa-23520557eb14,172.26.48.50,rhel5x86.target.tenablesecurity.com,OS:Linux
320ffbb5-cb04-4956-9139-979d04e3797c,10.0.2.244;35.180.64.132,ec2-35-180-64-132.eu-west-3.compute.amazonaws.com;ip-10-0-2-244.eu-west-3.compute.internal,OS:Linux
777a8179-29d8-4ccf-8d50-21a53750f14b,172.26.48.122,oracle10g.target.tenablesecurity.com,OS:Linux
9b48824b-6bb9-44ce-9e95-84ea7bd9c13b,10.0.2.244;54.227.5.224,ec2-54-227-5-224.compute-1.amazonaws.com;ip-10-0-2-244.ec2.internal,OS:Linux
0f5b5248-26c8-48ab-a9d1-b400da3f76ee,192.168.97.72,sachit-test3.dc.demo.io,OS:Linux
78bf4038-230f-40e4-81e2-38c0915645a2,54.217.48.192;10.0.0.14,ec2-54-217-48-192.eu-west-1.compute.amazonaws.com;ip-10-0-0-14.eu-west-1.compute.internal,OS:Linux
953d9ba9-3b45-4461-b922-85a5c07c78d1,192.168.16.10,netservices1.dc.demo.io,OS:Linux
d9175b85-8974-4540-9459-ca462dc3687a,10.0.0.116;13.40.100.181,ip-10-0-0-116.eu-west-2.compute.internal,OS:Linux
776e78c3-ff49-4f7b-a3be-9cd6e9ae21c6,10.0.2.6;54.242.52.67,ec2-54-242-52-67.compute-1.amazonaws.com;ip-10-0-2-6.ec2.internal,OS:Linux
39e3ad6e-a024-4aed-99f3-c0e3fa5c9021,10.0.0.71;18.220.152.72,ec2-18-220-152-72.us-east-2.compute.amazonaws.com;ip-10-0-0-71.us-east-2.compute.internal,OS:Linux
23e49d74-d9ca-4690-b26e-c25f688a4a71,192.168.48.34,mint19.dc.demo.io,OS:Linux
c4ad14ed-86cc-4c34-87ac-d7336cc579d0,172.26.48.128,fedoraserver24.target.tenablesecurity.com,OS:Linux
d8dd8aef-74ca-4f7e-b3d8-1f2bf1ed1a06,10.0.2.38,ip-10-0-2-38.us-west-1.compute.internal,OS:Linux
59b3c13f-e5ea-4bbb-89bf-99751355215f,18.133.227.149;10.0.0.112,ec2-18-133-227-149.eu-west-2.compute.amazonaws.com;ip-10-0-0-112.eu-west-2.compute.internal,OS:Linux
acd314c7-03ec-4c7e-b82d-6605e7579d6e,54.179.19.34;10.0.0.130,ec2-54-179-19-34.ap-southeast-1.compute.amazonaws.com;ip-10-0-0-130.ap-southeast-1.compute.internal,OS:Linux
fbb6721b-e44c-4c44-aa0f-3783b1e171fe,192.168.48.57,rhel8.dc.demo.io,OS:Linux
dcfa7c92-5021-41a6-9644-eefa8aed2ae0,35.175.187.241;10.0.0.31,ec2-35-175-187-241.compute-1.amazonaws.com;ip-10-0-0-31.ec2.internal,OS:Linux
7539cd07-34d1-4b34-8fc8-6dc8153b94b8,10.0.0.8,ip-10-0-0-8.eu-west-1.compute.internal,OS:Linux
bfa73e7a-5d64-4776-8865-4eed878a30cf,10.0.2.5;35.181.4.47,ec2-35-181-4-47.eu-west-3.compute.amazonaws.com;ip-10-0-2-5.eu-west-3.compute.internal,OS:Linux
3fa19ec1-2602-40ed-bafe-830b2d382dd6,172.26.48.41,mandriva2008.target.tenablesecurity.com,OS:Linux
109b2a5b-6166-4194-b76e-0e01c8fdb053,10.0.0.159,ip-10-0-0-159.ap-southeast-1.compute.internal,OS:Linux
bf0f86b7-ee6d-4c8d-8a42-2008af2b0b7e,54.155.12.2;10.0.0.174,ip-10-0-0-174.eu-west-1.compute.internal,OS:Linux
70d8787c-767f-41db-a6eb-a31e902720f7,10.0.0.71,ip-10-0-0-71.ap-southeast-1.compute.internal,OS:Linux
e44ffc6a-266e-45c1-8e80-042aa1a02a01,172.26.48.43,opensuse10.target.tenablesecurity.com,OS:Linux
67935345-4b7a-457e-b272-d3c0371d61fd,35.158.43.239;10.0.0.166,ec2-35-158-43-239.eu-central-1.compute.amazonaws.com;ip-10-0-0-166.eu-central-1.compute.internal,OS:Linux
c9811783-3380-4bf2-ada8-94e8a8a7f848,10.0.2.245,ip-10-0-2-245.eu-west-3.compute.internal,OS:Linux
788413e8-59e4-4af0-b83e-5346fe091da7,54.246.0.207;10.0.2.5,ec2-54-246-0-207.eu-west-1.compute.amazonaws.com;ip-10-0-2-5.eu-west-1.compute.internal,OS:Linux
e416a220-3c57-476e-b773-a7cd718b027f,10.0.0.8;3.253.16.89,ec2-3-253-16-89.eu-west-1.compute.amazonaws.com;ip-10-0-0-8.eu-west-1.compute.internal,OS:Linux
e0b99f51-0f0a-4179-a23d-582be92fc07a,192.168.97.80,ubuntu204.dc.demo.io,OS:Linux
7818fbfb-a339-4b3f-bf09-701b8f0b759f,10.0.0.7;13.214.127.43,ec2-13-214-127-43.ap-southeast-1.compute.amazonaws.com;ip-10-0-0-7.ap-southeast-1.compute.internal,OS:Linux
33e42bcc-dac0-4e4d-939b-2d1961723ff5,10.0.2.221;18.134.249.183,ec2-18-134-249-183.eu-west-2.compute.amazonaws.com;ip-10-0-2-221.eu-west-2.compute.internal,OS:Linux
2acb89ac-8980-4a18-bda7-18efe2a8fb37,3.120.187.127;10.0.2.248,ec2-3-120-187-127.eu-central-1.compute.amazonaws.com;ip-10-0-2-248.eu-central-1.compute.internal,OS:Linux
a1fc3a4d-73b9-4347-a5c5-d017bbaaa080,10.0.2.229,ip-10-0-2-229.us-west-1.compute.internal,OS:Linux
ca93946d-944c-47a7-b7f6-ffacb12a1b8b,10.0.2.8;34.252.210.20,ec2-34-252-210-20.eu-west-1.compute.amazonaws.com;ip-10-0-2-8.eu-west-1.compute.internal,OS:Linux
6477af98-b7f7-49f3-97f1-e42bcd3c576d,10.0.0.71;35.178.172.127,ec2-35-178-172-127.eu-west-2.compute.amazonaws.com;ip-10-0-0-71.eu-west-2.compute.internal,OS:Linux
efa732ea-6684-4f7a-bbdb-48dc7b4aaf12,192.168.48.60,fedorawork33.dc.demo.io,OS:Linux
78a30dfd-8adb-41b5-b504-bf050dbd14ed,65.1.65.112;10.0.0.200,ec2-65-1-65-112.ap-south-1.compute.amazonaws.com;ip-10-0-0-200.ap-south-1.compute.internal,OS:Linux
31bb82c8-5bde-4f4a-8c42-8343fbc253ee,192.168.48.36,ubuntu2104-server.dc.demo.io,OS:Linux
b6f66f51-79df-4593-8abd-7b7685c68434,10.0.2.7;3.249.246.221,ec2-3-249-246-221.eu-west-1.compute.amazonaws.com;ip-10-0-2-7.eu-west-1.compute.internal,OS:Linux
dd9da755-bed4-4c44-aa5c-84277563c699,10.0.2.244,ip-10-0-2-244.eu-west-3.compute.internal,OS:Linux
235c74b3-b9ae-400b-a839-fd7069c25ad5,10.0.0.8;34.243.163.184,ec2-34-243-163-184.eu-west-1.compute.amazonaws.com;ip-10-0-0-8.eu-west-1.compute.internal,OS:Linux
16d4e1d1-e15d-43c5-8e61-91f2efc1de5d,192.168.9.13,ip-192-168-9-13.ec2.internal,OS:Linux
259d5444-9c11-4d1c-9fd9-17f6883efff3,10.0.0.71;35.91.19.155,ec2-35-91-19-155.us-west-2.compute.amazonaws.com;ip-10-0-0-71.us-west-2.compute.internal,OS:Linux
04763f23-669f-411a-a30d-68eba0069dae,10.0.1.5;3.124.16.121;10.0.1.6,ip-10-0-1-5.eu-central-1.compute.internal,OS:Linux
6adce25e-3da8-4ddc-9b25-c657d9e7c5dd,172.31.14.156;13.229.85.18,ec2-13-229-85-18.ap-southeast-1.compute.amazonaws.com;ip-172-31-14-156.ap-southeast-1.compute.internal,OS:Linux
4091649a-5e19-4679-81ea-cdc397866c35,10.0.2.244,ip-10-0-2-244.eu-west-1.compute.internal,OS:Linux
ae162a2e-c6cc-4e62-aba7-db0b3527485b,10.0.2.5,ip-10-0-2-5.eu-west-3.compute.internal,OS:Linux
fd7c615b-2b32-4df8-9a29-06870b430c41,10.0.2.5,ip-10-0-2-5.ca-central-1.compute.internal,OS:Linux
c07c0c63-591e-42ae-91ed-4be9c5b77574,10.0.2.244,ip-10-0-2-244.us-east-2.compute.internal,OS:Linux
5bda3e36-84bc-4cc0-86ec-22077cf7d3cf,192.168.9.11;52.7.209.17,ec2-52-7-209-17.compute-1.amazonaws.com;ip-192-168-9-11.ec2.internal,OS:Linux
5529573c-5a0c-413e-8885-c33b2a1f0bde,192.168.97.58,squid.dc.demo.io,OS:Linux
730595dc-6eff-4553-924f-1752faba067d,52.17.147.148;10.0.0.200,ec2-52-17-147-148.eu-west-1.compute.amazonaws.com;ip-10-0-0-200.eu-west-1.compute.internal,OS:Linux
ed721f09-e9fb-4a3f-b898-0f9e5e29539e,10.0.2.5;3.96.153.245,ec2-3-96-153-245.ca-central-1.compute.amazonaws.com;ip-10-0-2-5.ca-central-1.compute.internal,OS:Linux
2566b8fc-3058-4ead-9cf4-03db16a2e1c6,10.0.2.244;54.93.243.185,ec2-54-93-243-185.eu-central-1.compute.amazonaws.com;ip-10-0-2-244.eu-central-1.compute.internal,OS:Linux
288a5eaf-4f44-46e7-b0a6-71a8110c09ec,10.0.0.200,ip-10-0-0-200.ap-southeast-1.compute.internal,OS:Linux
b78b267c-9862-4470-9797-bf29e2b4595a,192.168.97.45,mdinh-virtual-machine.dc.demo.io,OS:Linux
1531c064-af26-413f-b416-8a6497807513,10.0.2.6,ip-10-0-2-6.ca-central-1.compute.internal,OS:Linux
ffb55b17-5a5c-4b18-873a-3e1d75b4931c,10.0.0.71;3.236.225.251,ec2-3-236-225-251.compute-1.amazonaws.com;ip-10-0-0-71.ec2.internal,OS:Linux
0071beba-4de4-4624-936e-3de60690f3c7,192.168.97.51,tenable-uh0rb1yd.dc.demo.io,OS:Linux
87ec8df4-eda0-4a84-bf7a-cbf759ddf34b,13.57.3.190;10.0.0.243,ec2-13-57-3-190.us-west-1.compute.amazonaws.com;ip-10-0-0-243.us-west-1.compute.internal,OS:Linux
a9bca469-bebe-496f-80ef-3381a075680b,192.168.0.21,netservices4.dc.demo.io,OS:Linux
eb6322d4-1dd0-4a1f-a73a-f3de7d7589b4,10.0.0.94;3.37.130.211,ec2-3-37-130-211.ap-northeast-2.compute.amazonaws.com;ip-10-0-0-94.ap-northeast-2.compute.internal,OS:Linux
2202e78e-b757-480e-b1b7-20529dabd2a5,10.0.2.6;54.220.49.225,ec2-54-220-49-225.eu-west-1.compute.amazonaws.com;ip-10-0-2-6.eu-west-1.compute.internal,OS:Linux
5366ddf9-34a4-4090-b14f-901719532f18,63.33.164.154;10.0.0.232,ec2-63-33-164-154.eu-west-1.compute.amazonaws.com;ip-10-0-0-232.eu-west-1.compute.internal,OS:Linux
b4095454-6575-4ebb-85a8-62caff3f6b58,10.0.2.248,ip-10-0-2-248.eu-west-1.compute.internal,OS:Linux
589b6a8d-74b2-4492-ba21-e03beb0f7b98,172.31.11.162,ip-172-31-11-162.us-west-1.compute.internal,OS:Linux
bda40ed3-4057-4581-9e80-e2bb1022dc1b,10.0.0.71;3.26.222.61,ec2-3-26-222-61.ap-southeast-2.compute.amazonaws.com;ip-10-0-0-71.ap-southeast-2.compute.internal,OS:Linux
5c4e4a4e-f39a-46d5-a1ca-efea1f425d1d,192.168.48.33,ubuntu2010desk.dc.demo.io,OS:Linux
d37465cf-45ee-41bb-b363-ef3440ef970a,192.168.0.104,opengearresiliencegateway.dc.demo.io,OS:Linux
d7bceeb4-3195-4e5b-8481-fb3619d4ead0,10.0.2.245;3.250.151.26,ec2-3-250-151-26.eu-west-1.compute.amazonaws.com;ip-10-0-2-245.eu-west-1.compute.internal,OS:Linux
b127cafd-cbdd-4415-a97b-b5b04b0a30c0,10.0.2.6;3.67.132.161,ec2-3-67-132-161.eu-central-1.compute.amazonaws.com;ip-10-0-2-6.eu-central-1.compute.internal,OS:Linux
dc70c8d5-6652-4a10-9d2d-925b8fab536e,10.0.0.91,ip-10-0-0-91.ap-southeast-1.compute.internal,OS:Linux
aeefc131-905c-41c4-9c8b-e8ce8c157748,10.0.0.7;3.27.65.46,ec2-3-27-65-46.ap-southeast-2.compute.amazonaws.com;ip-10-0-0-7.ap-southeast-2.compute.internal,OS:Linux
32618b91-7420-491a-851c-72dcbee63b5e,10.0.0.7;34.243.151.81,ec2-34-243-151-81.eu-west-1.compute.amazonaws.com;ip-10-0-0-7.eu-west-1.compute.internal,OS:Linux
63004997-16fb-40a4-b541-e4a16369d358,10.0.2.248;34.242.131.239,ec2-34-242-131-239.eu-west-1.compute.amazonaws.com;ip-10-0-2-248.eu-west-1.compute.internal,OS:Linux
b4051f8b-e9be-410f-b717-a9fa9223081f,10.0.2.6;18.144.63.161,ec2-18-144-63-161.us-west-1.compute.amazonaws.com;ip-10-0-2-6.us-west-1.compute.internal,OS:Linux
702ee547-66fe-4aff-ae3d-c5d5b391e38e,10.0.2.6,ip-10-0-2-6.us-east-2.compute.internal,OS:Linux
84e93656-641a-4e53-84fe-03bac6864621,172.26.48.101,tenableappliance.target.tenablesecurity.com,OS:Linux
980a96ad-3eea-48bb-afb3-0fa561048c7a,13.57.193.244;10.0.2.73,ec2-13-57-193-244.us-west-1.compute.amazonaws.com;ip-10-0-2-73.us-west-1.compute.internal,OS:Linux
8e84b2eb-55b9-4c91-83e7-0a3d109e91b3,10.0.2.245,ip-10-0-2-245.us-east-2.compute.internal,OS:Linux
2e51eb82-1a8b-4545-8368-675142c994ff,192.168.9.10,ip-192-168-9-10.ec2.internal,OS:Linux
97f8e663-5779-49a5-a3d4-e75d920b09c7,3.235.20.13;10.0.0.30,ec2-3-235-20-13.compute-1.amazonaws.com;ip-10-0-0-30.ec2.internal,OS:Linux
3b089d86-2633-4fe5-bf5d-c9eeb75d4fa5,10.0.2.246;3.99.186.42,ec2-3-99-186-42.ca-central-1.compute.amazonaws.com;ip-10-0-2-246.ca-central-1.compute.internal,OS:Linux
e16f3702-7d1d-41ef-8787-d47e4a00fb80,10.0.0.200;13.214.154.42,ec2-13-214-154-42.ap-southeast-1.compute.amazonaws.com;ip-10-0-0-200.ap-southeast-1.compute.internal,OS:Linux
d13ce20b-85c4-47eb-a5a1-608eec1fbd38,192.168.0.103,opengearconsoleserver.dc.demo.io,OS:Linux
1373402c-b353-41f9-9093-18147be669de,10.0.0.7;3.249.143.255,ec2-3-249-143-255.eu-west-1.compute.amazonaws.com;ip-10-0-0-7.eu-west-1.compute.internal,OS:Linux
80db9ac9-432d-4b5b-8665-251df75f34cd,10.0.2.6,ip-10-0-2-6.eu-central-1.compute.internal,OS:Linux
016164a2-f65f-486c-ab84-27581b1a891f,172.31.90.173;3.237.4.152,ec2-3-237-4-152.compute-1.amazonaws.com;ip-172-31-90-173.ec2.internal,OS:Linux
968f36e0-f2d5-47b9-8928-a8cc46c2bfb5,192.168.0.20,netservices3.dc.demo.io,OS:Linux
b1453be4-2ff5-43a5-9ddb-2a00ddb196a2,192.168.48.154,centos7phys.dc.demo.io,OS:Linux
c84062d2-318d-4fba-8eb1-f5c0636ae8f7,192.168.0.99,checkpoint200.dc.demo.io,OS:Linux
c49d5f10-6117-4b3e-a895-b43d6f11c9fe,172.31.61.25;3.90.85.173,ec2-3-90-85-173.compute-1.amazonaws.com;ip-172-31-61-25.ec2.internal,OS:Linux
2e3683d3-b3fa-40cf-885a-9f12c863ccc0,172.31.9.227;3.81.87.194,ec2-3-81-87-194.compute-1.amazonaws.com;ip-172-31-9-227.ec2.internal,OS:Linux
5d3b9281-3515-4587-9dc1-ab65df874997,10.0.2.245,ip-10-0-2-245.eu-west-1.compute.internal,OS:Linux
d0ecebd4-b93d-46e2-a9cc-27cdbe329ea6,10.0.2.87,ip-10-0-2-87.us-west-1.compute.internal,OS:Windows
178cf022-f1bd-4c4c-9620-023f141327a9,10.0.0.55,ip-10-0-0-55.us-west-1.compute.internal,OS:Windows
c77e59c3-e040-4f54-8704-d4664426a518,10.0.2.34;3.24.178.16,ec2-3-24-178-16.ap-southeast-2.compute.amazonaws.com;ip-10-0-2-34.ap-southeast-2.compute.internal,OS:Windows
3fb508c9-8b40-4910-9fb0-422e064be334,172.26.48.31,sharepoint2013.target.tenablesecurity.com,OS:Windows
a4df02e3-02ef-4559-9ad8-66a505289d8f,172.31.42.92,ip-172-31-42-92.ec2.internal,OS:Windows
31d1a8b2-c6c7-45d2-9d51-f805ddd8181f,13.214.164.68;10.0.0.42,ec2-13-214-164-68.ap-southeast-1.compute.amazonaws.com;ip-10-0-0-42.ap-southeast-1.compute.internal,OS:Windows
1ddcc5d1-df18-44af-8a27-8fb70922457b,10.0.2.161,ip-10-0-2-161.us-west-1.compute.internal,OS:Windows
83451aeb-5983-4cfd-aa23-6fdb0644ad58,192.168.0.96,ciscovmsandbox.dc.demo.io,OS:Windows
18852b14-5a83-4819-a5c5-eb91c15db641,192.168.10.10;18.206.233.101,ec2-18-206-233-101.compute-1.amazonaws.com;ip-192-168-10-10.ec2.internal,OS:Windows
93bf8ea4-44a4-4fed-a898-631c28e48b4c,10.0.2.99;52.209.167.94,ec2-52-209-167-94.eu-west-1.compute.amazonaws.com;ip-10-0-2-99.eu-west-1.compute.internal,OS:Windows
61084ff1-4c09-4a1a-b30d-a948d6d29af6,172.26.48.145;192.168.48.145,windows2016.target.tenablesecurity.com;windows2016.dc.demo.io,OS:Windows
5cb4578f-41d1-4f4b-8397-bd81c69f0001,10.0.0.212;13.215.157.238,ec2-13-215-157-238.ap-southeast-1.compute.amazonaws.com;ip-10-0-0-212.ap-southeast-1.compute.internal,OS:Windows
04acdc4b-5c1c-41d6-8db2-5682528114b0,192.168.48.116,win2012r2.dc.demo.io,OS:Windows
ffea0896-bf64-44f2-8294-76b1f8f3e124,192.168.0.200,bal-lab-hyp-001.dc.demo.io,OS:Windows
20acbed8-c295-4bbe-97da-0ed16cef0927,10.0.2.99;18.170.115.5,ec2-18-170-115-5.eu-west-2.compute.amazonaws.com;ip-10-0-2-99.eu-west-2.compute.internal,OS:Windows
19652347-641e-40dd-8160-9c1d582048f4,172.26.48.87;192.168.48.87,winserver2012.target.tenablesecurity.com;winserver2012.dc.demo.io,OS:Windows
9c528d37-acd5-4ba7-b25d-2dc7f396e689,192.168.48.88,windows8.dc.demo.io,OS:Windows
550f19b9-83fc-4676-982a-a5b44e57863e,192.168.11.219,ip-192-168-11-219.ec2.internal,OS:Windows
40e02e38-a64c-4aa6-a576-d0c491711c73,192.168.48.93,adsitarget.adsitarget.dc.demo.io,OS:Windows
6b203f82-f109-49fe-9a41-e3d78c6d041f,192.168.18.245,nesdev-2k12-dc.nesdev.test,OS:Windows
a1915b97-b718-48ad-af3a-517af673c6a4,192.168.97.88,tenable-3rzx9eug.dc.demo.io,OS:Windows
034f47fa-b36e-407e-bacf-0ac90617720d,10.0.2.34;13.57.217.197,ec2-13-57-217-197.us-west-1.compute.amazonaws.com;ip-10-0-2-34.us-west-1.compute.internal,OS:Windows
683dc220-27d7-4536-80b0-be432c5902b0,192.168.48.123,oracle11g.dc.demo.io,OS:Windows
606eea62-c442-4fed-b513-db612c9521d4,192.168.48.51,sccm2019.target2.dc.demo.io,OS:Windows
dc12b5a8-897f-4d12-855d-8282f10a377b,192.168.48.13,oracle12c.dc.demo.io,OS:Windows
51f5c473-f895-429b-a72c-eb77820946f4,172.26.48.10;192.168.48.10,dc1.target.tenablesecurity.com;dc1.dc.demo.io,OS:Windows
9673eda6-f054-4298-9dca-aeb3b7715200,10.168.10.10,ip-10-168-10-10.data.tenable.com,OS:Windows
5e242346-c88c-4d18-84a0-d313ae29c8a2,10.0.2.33;3.34.140.156,ec2-3-34-140-156.ap-northeast-2.compute.amazonaws.com;ip-10-0-2-33.ap-northeast-2.compute.internal,OS:Windows
7d86ff50-99df-449a-9ec8-55561b1e96e1,10.0.2.87;52.196.216.155,ec2-52-196-216-155.ap-northeast-1.compute.amazonaws.com;ip-10-0-2-87.ap-northeast-1.compute.internal,OS:Windows
4086edd0-e8c6-4f99-ae9c-c907ed40b0e3,10.0.2.99;34.229.11.251,ec2-34-229-11-251.compute-1.amazonaws.com;ip-10-0-2-99.ec2.internal,OS:Windows
e4dfb078-8421-4585-9e18-661f0a2a599d,10.0.2.99,ip-10-0-2-99.eu-west-3.compute.internal,OS:Windows
ecdc8c5d-bb9d-43e9-8c4b-5d20a710aee4,172.26.48.102,vcenter.target.tenablesecurity.com,OS:Windows
ba3eb54a-be4e-409c-b676-dafddeafccc1,10.0.2.99;54.219.236.19,ec2-54-219-236-19.us-west-1.compute.amazonaws.com;ip-10-0-2-99.us-west-1.compute.internal,OS:Windows
a5f662bf-79bf-4e4b-99d7-baeee9342c24,192.168.97.101,win-ja1vl4ttbcn.dc.demo.io,OS:Windows
232e8f47-6b3b-428d-8679-d464fc96832b,172.26.48.89,mstmgproxy.target.tenablesecurity.com,OS:Windows
69686f9b-54b8-4d7c-8d0d-f72b0b3c64fc,35.178.171.23;10.0.0.55,ec2-35-178-171-23.eu-west-2.compute.amazonaws.com;ip-10-0-0-55.eu-west-2.compute.internal,OS:Windows
fa0043db-6ee3-44a1-bfc5-b2b4d27defad,172.26.48.80,sql08.target.tenablesecurity.com,OS:Windows
a83fe936-aba2-453c-8d2f-76cc32f7f50b,10.0.2.99;3.67.13.102,ec2-3-67-13-102.eu-central-1.compute.amazonaws.com;ip-10-0-2-99.eu-central-1.compute.internal,OS:Windows
dcf322e9-f182-4b66-92a4-046db53624ef,10.0.0.62;54.216.165.85,ec2-54-216-165-85.eu-west-1.compute.amazonaws.com;ip-10-0-0-62.eu-west-1.compute.internal,OS:Windows
9ded8448-6b65-4e1e-9b01-79a161941a92,10.0.2.99;18.144.6.160,ec2-18-144-6-160.us-west-1.compute.amazonaws.com;ip-10-0-2-99.us-west-1.compute.internal,OS:Windows
577b1d09-95f2-4078-9e92-a878c073f9ee,172.26.48.123,oracleg11.target.tenablesecurity.com,OS:Windows
af1794ae-96f1-45f3-a0d0-3933b193b195,10.0.2.99;3.96.145.226,ec2-3-96-145-226.ca-central-1.compute.amazonaws.com;ip-10-0-2-99.ca-central-1.compute.internal,OS:Windows
cc63c4a9-4d12-49cf-986c-c863d9b852d9,10.0.2.34;3.137.199.229,ec2-3-137-199-229.us-east-2.compute.amazonaws.com;ip-10-0-2-34.us-east-2.compute.internal,OS:Windows
9b6fa78c-1afe-4d30-8b1d-a6d47973863e,192.168.48.45,sql2019.target2.dc.demo.io,OS:Windows
1a1d27ba-2fcb-4e4c-a509-92be9ebb02e1,192.168.48.117,win1032.dc.demo.io,OS:Windows
c4feb9e5-bcc6-46c2-96ac-5a8caee60bab,10.0.2.180,ip-10-0-2-180.us-west-1.compute.internal,OS:Windows
1130daea-dcf0-4024-aa24-bb34f6262392,18.144.19.158;10.0.1.130,ip-10-0-1-130.us-west-1.compute.internal,OS:Windows
0062f197-d259-46c4-b926-27674dd9e178,10.0.2.100,ip-10-0-2-100.ec2.internal,OS:Windows
77fa9b01-8952-4793-b2c9-c24df1f5143a,10.0.2.34;35.180.192.202,ec2-35-180-192-202.eu-west-3.compute.amazonaws.com;ip-10-0-2-34.eu-west-3.compute.internal,OS:Windows
af4c7c8d-176f-4edb-ac08-513e990649d1,172.26.48.14;192.168.48.14,sql2016.target.tenablesecurity.com;sql2016.dc.demo.io,OS:Windows
e16525e7-cc08-48bf-9a18-89223f4c7fc7,10.0.0.135;13.57.193.134,ec2amaz-g421017.us-west-1.compute.internal;ip-10-0-0-135.us-west-1.compute.internal,OS:Windows
8659316c-e013-49e0-b93c-cc1d77a6508c,192.168.97.73,desktop-i6uctkn.dc.demo.io,OS:Windows
409f38e6-f626-4096-8f01-5a2b917ed952,192.168.14.95,ip-192-168-14-95.ec2.internal,OS:Windows
d168eb92-554d-431f-99c3-da56e70c69ec,3.25.147.98;10.0.0.55,ec2-3-25-147-98.ap-southeast-2.compute.amazonaws.com;ip-10-0-0-55.ap-southeast-2.compute.internal,OS:Windows
9afa433b-d4f3-416e-84b0-12b5ce8cab46,18.191.239.112;10.0.0.246,ec2-18-191-239-112.us-east-2.compute.amazonaws.com;ip-10-0-0-246.us-east-2.compute.internal,OS:Windows
89e2f45f-1b4b-44b7-b012-4eacfa145344,192.168.14.241,ip-192-168-14-241.ec2.internal,OS:Windows
7fd89d44-7535-45bc-9501-5139ae0f5f02,10.0.2.34;3.26.19.218,ec2-3-26-19-218.ap-southeast-2.compute.amazonaws.com;ip-10-0-2-34.ap-southeast-2.compute.internal,OS:Windows
be83d6b1-14c9-4735-b8a6-8531202d2203,192.168.0.60,hypervdc.hyperv.dc.demo.io,OS:Windows
84ab9b52-0cc0-40f0-843a-500271c90d8f,54.236.12.120;192.168.12.238,ec2-54-236-12-120.compute-1.amazonaws.com;ip-192-168-12-238.ec2.internal,OS:Windows
57719148-8b3b-496a-8a4e-a085846b1dd6,10.0.2.99,ip-10-0-2-99.eu-central-1.compute.internal,OS:Windows
d3776d34-8ec5-4ed9-a0ca-3ef4b15d8b78,10.0.0.55,ip-10-0-0-55.ap-southeast-1.compute.internal,OS:Windows
d59afaee-7660-4b7a-b1e1-f54a556a61fc,172.26.48.115;192.168.48.115,sccm.target.tenablesecurity.com;sccm.dc.demo.io,OS:Windows
3e8693c0-10d3-42d6-89f7-368ae1cd1c68,192.168.12.139,ip-192-168-12-139.ec2.internal,OS:Windows
2cd90851-3883-4efa-8f9f-25fe1e17da55,10.0.0.198;3.252.197.161,ec2-3-252-197-161.eu-west-1.compute.amazonaws.com;ip-10-0-0-198.eu-west-1.compute.internal,OS:Windows
159077ce-ecb4-4301-bf33-867cf2a46842,13.212.140.59;10.0.0.37,ec2-13-212-140-59.ap-southeast-1.compute.amazonaws.com;ip-10-0-0-37.ap-southeast-1.compute.internal,OS:Windows
9f0dd720-c12d-4c08-af8b-d0d9814aea71,54.180.97.61;10.0.0.211,ec2-54-180-97-61.ap-northeast-2.compute.amazonaws.com;ip-10-0-0-211.ap-northeast-2.compute.internal,OS:Windows
5711d242-24ec-4a2f-b19d-840e33f7380f,192.168.18.254,neng-a3-win2k8r2entx64.agentlab.qa,OS:Windows;OS:Linux
36206251-cec4-42f2-8ec2-f217b823f898,192.168.48.16,sharepoint2016.dc.demo.io,OS:Windows
817156a4-6c93-4725-adb4-c1965849ab51,192.168.48.56,target2.target2.dc.demo.io,OS:Windows
a072daae-9a22-4650-a304-2058f54a82bb,10.0.2.87;3.137.211.80,ec2-3-137-211-80.us-east-2.compute.amazonaws.com;ip-10-0-2-87.us-east-2.compute.internal,OS:Windows
59e89870-0b41-4975-9ad4-b38ecde15ceb,192.168.97.85,win-civoe5vjlc1.dc.demo.io,OS:Windows
9693579e-a122-4a21-951f-d4327315ba32,10.0.0.55,ip-10-0-0-55.eu-west-1.compute.internal,OS:Windows
d5e4e425-854f-4b28-aa4d-36b18a19308f,172.26.48.118;192.168.48.118,win1064.target.tenablesecurity.com;win1064.dc.demo.io,OS:Windows
639f2459-3232-439f-b631-3373c4761658,172.26.48.97;192.168.48.97,windows81.target.tenablesecurity.com;windows81.dc.demo.io,OS:Windows
2a1ead2a-4f16-4ed9-bb53-7f5e8a520cd2,10.0.2.99;54.241.123.240,ec2-54-241-123-240.us-west-1.compute.amazonaws.com;ip-10-0-2-99.us-west-1.compute.internal,OS:Windows
8a1e91b8-2af5-422a-bbd6-559741b6ca15,10.0.2.87;54.176.244.32,ec2-54-176-244-32.us-west-1.compute.amazonaws.com;ip-10-0-2-87.us-west-1.compute.internal,OS:Windows
152c8e51-51bc-475a-ba27-801c2a8ba587,13.214.122.121;10.0.0.55,ec2-13-214-122-121.ap-southeast-1.compute.amazonaws.com;ip-10-0-0-55.ap-southeast-1.compute.internal,OS:Windows
1797f993-3515-465b-a5e8-c3875e1d5e0e,10.0.2.5,ip-10-0-2-5.eu-central-1.compute.internal,OS:Linux
db15333c-514c-4736-a6f5-8b01bd738ff7,172.31.21.202;34.237.187.156;172.31.21.120,ip-172-31-21-202.ec2.internal;ec2-34-237-187-156.compute-1.amazonaws.com;ip-172-31-21-120.ec2.internal,OS:Linux
2eee08bd-50dd-42bf-abd7-6cbb3abfd5ec,10.0.2.246;54.74.1.205,ec2-54-74-1-205.eu-west-1.compute.amazonaws.com;ip-10-0-2-246.eu-west-1.compute.internal,OS:Linux
8e1fc76f-f72a-407e-a9b0-0c10ce189beb,10.0.0.8;3.236.119.154,ec2-3-236-119-154.compute-1.amazonaws.com;ip-10-0-0-8.ec2.internal,OS:Linux
e0d1c205-df64-491a-a107-a1a06aa08fab,172.31.25.181,ip-172-31-25-181.us-west-1.compute.internal,OS:Linux
39f82f61-848a-4eae-a82c-7eb5aa47d860,10.0.2.248;35.180.193.138,ec2-35-180-193-138.eu-west-3.compute.amazonaws.com;ip-10-0-2-248.eu-west-3.compute.internal,OS:Linux
3315227d-4e0a-4fb1-bb00-706f4b6b4b56,18.204.220.114;10.0.0.31,ec2-18-204-220-114.compute-1.amazonaws.com;ip-10-0-0-31.ec2.internal,OS:Linux
0ae83b35-31e8-4b27-9736-9f63f4c46232,10.0.2.230,ip-10-0-2-230.us-west-1.compute.internal,OS:Linux
f6419890-4a74-49c9-97c4-769f6a73618a,10.0.2.7;3.10.199.6,ec2-3-10-199-6.eu-west-2.compute.amazonaws.com;ip-10-0-2-7.eu-west-2.compute.internal,OS:Linux
debd4ad5-1cb4-4489-8212-65d17eca9f80,10.0.0.158;35.176.2.206,ec2-35-176-2-206.eu-west-2.compute.amazonaws.com;ip-10-0-0-158.eu-west-2.compute.internal,OS:Linux
1685fc7e-c2dc-4427-b1c0-93aefc90a03f,10.0.0.8,ip-10-0-0-8.ap-southeast-1.compute.internal,OS:Linux
f07f868b-892d-4060-ac4a-bdb96a494606,3.37.89.94;10.0.0.30,ec2-3-37-89-94.ap-northeast-2.compute.amazonaws.com;ip-10-0-0-30.ap-northeast-2.compute.internal,OS:Linux
b7a6083c-23a2-465f-96cb-47cc7b0af299,35.161.222.64;10.0.0.31,ec2-35-161-222-64.us-west-2.compute.amazonaws.com;ip-10-0-0-31.us-west-2.compute.internal,OS:Linux
c210f1f7-1761-4ef4-9027-7c5f4c8948a4,10.0.0.4;54.206.154.249,ec2-54-206-154-249.ap-southeast-2.compute.amazonaws.com;ip-10-0-0-4.ap-southeast-2.compute.internal,OS:Linux
aaf5fdae-bd54-4e30-b138-a2737f462f40,3.110.131.222;10.0.0.251,ec2-3-110-131-222.ap-south-1.compute.amazonaws.com;ip-10-0-0-251.ap-south-1.compute.internal,OS:Linux
89c85e62-0367-4bf1-9478-6978f4bfd4ae,172.26.48.124,kali2.target.tenablesecurity.com,OS:Linux
0942ccd0-d9c2-4377-91d3-71ac83e6126e,10.0.0.90;34.226.121.138,ec2-34-226-121-138.compute-1.amazonaws.com;ip-10-0-0-90.ec2.internal,OS:Linux
0f031f44-f91b-4916-a3b9-5a32f50e944c,10.0.2.248,ip-10-0-2-248.ca-central-1.compute.internal,OS:Linux
853bbdda-df9f-4bf2-8c13-97c27f482714,10.0.2.248;13.56.197.5,ec2-13-56-197-5.us-west-1.compute.amazonaws.com;ip-10-0-2-248.us-west-1.compute.internal,OS:Linux
e2675d3c-f476-4330-86b5-5b19fd739a0e,192.168.97.79,nbarrett-dev.dc.demo.io,OS:Linux
6a236f38-f134-445c-b294-507edaa676f4,10.0.0.8;13.212.231.135,ec2-13-212-231-135.ap-southeast-1.compute.amazonaws.com;ip-10-0-0-8.ap-southeast-1.compute.internal,OS:Linux
c7f50a9d-f954-458f-86ab-33e01e45a02f,10.0.2.5;54.177.91.207,ec2-54-177-91-207.us-west-1.compute.amazonaws.com;ip-10-0-2-5.us-west-1.compute.internal,OS:Linux
1ca4cab5-7d66-4038-a288-50377c4c5854,13.233.224.107;10.0.0.30,ec2-13-233-224-107.ap-south-1.compute.amazonaws.com;ip-10-0-0-30.ap-south-1.compute.internal,OS:Linux
756a8e48-11ab-49b2-9e44-ff029aa823d1,10.0.2.5;18.194.244.161,ec2-18-194-244-161.eu-central-1.compute.amazonaws.com;ip-10-0-2-5.eu-central-1.compute.internal,OS:Linux
b1b0c138-1f17-4b55-8dd2-771b9b7bb0c8,10.0.1.31;3.66.89.64,ip-10-0-1-31.eu-central-1.compute.internal,OS:Linux
2757b7df-77b1-4d65-b064-a93418e9a770,13.211.240.141;10.0.0.200,ec2-13-211-240-141.ap-southeast-2.compute.amazonaws.com;ip-10-0-0-200.ap-southeast-2.compute.internal,OS:Linux
d56ebc64-ee85-48f2-bcd3-ad3e63e06257,172.26.48.104,rhel7.target.tenablesecurity.com,OS:Linux
46ecf36a-73b7-4961-9e1b-4c9f9b0f5284,10.0.2.8;34.243.15.226,ec2-34-243-15-226.eu-west-1.compute.amazonaws.com;ip-10-0-2-8.eu-west-1.compute.internal,OS:Linux
ac6a6449-86c5-4b07-868e-c12163eaec0c,52.6.48.2;10.0.0.10,ec2-52-6-48-2.compute-1.amazonaws.com;ip-10-0-0-10.ec2.internal,OS:Linux
10f36a3f-b444-4ec7-94d9-4cd30c3bf725,192.168.0.14,tenable-ot.dc.demo.io,OS:Linux
1e62e277-b1d5-4bcd-be94-1df7b49ec843,192.168.48.46,ubuntu2004desk.dc.demo.io,OS:Linux
07443c21-facf-4047-9573-554aa76e0083,192.168.10.219,ip-192-168-10-219.ec2.internal,OS:Linux
2fcb02d0-dac4-4d6d-9ba3-142d5ec44b2a,172.31.28.212,ip-172-31-28-212.ec2.internal,OS:Linux
fdb63101-37b5-4a08-9516-75b75a55cc42,3.235.172.33;10.0.0.200,ec2-3-235-172-33.compute-1.amazonaws.com;ip-10-0-0-200.ec2.internal,OS:Linux
f1c74665-64fd-4ed0-9d69-1a8762074978,172.31.22.51;54.226.92.152,ec2-54-226-92-152.compute-1.amazonaws.com;ip-172-31-22-51.ec2.internal,OS:Linux
67152543-14da-4819-aa5c-e20cb9ac2414,10.0.0.8,ip-10-0-0-8.us-west-1.compute.internal,OS:Linux
835b7741-b8bd-42e7-9368-fa6c514a0b11,192.168.97.89,tenable-axy6mbvk.dc.demo.io,OS:Linux
64ad951d-3622-4be6-ba53-035c5152e35f,172.31.17.156,ip-172-31-17-156.us-west-1.compute.internal,OS:Linux
c2edf241-0b25-41fe-a3c0-89f5335bae60,10.0.2.6;35.180.100.1,ec2-35-180-100-1.eu-west-3.compute.amazonaws.com;ip-10-0-2-6.eu-west-3.compute.internal,OS:Linux
73ea00de-2ac1-47e1-a089-d84b3c7f0898,10.0.0.158;54.180.119.131,ec2-54-180-119-131.ap-northeast-2.compute.amazonaws.com;ip-10-0-0-158.ap-northeast-2.compute.internal,OS:Linux
1bbb366d-2b62-49d0-85b6-537d736bdff6,192.168.97.97,tenable-714edyfw.dc.demo.io,OS:Linux
06b77191-30e6-40a2-90d9-5da7a22d0655,3.84.226.176;10.0.2.7,ec2-3-84-226-176.compute-1.amazonaws.com;ip-10-0-2-7.ec2.internal,OS:Linux
54516d8d-d97c-4153-91d4-5774313c83e2,172.31.3.154,ip-172-31-3-154.us-west-1.compute.internal,OS:Linux
5eeb1a74-064d-4aed-9488-10e660d3f102,192.168.9.9;52.1.251.248,ec2-52-1-251-248.compute-1.amazonaws.com;ip-192-168-9-9.ec2.internal,OS:Linux
eca77880-98e5-4220-8760-8917a5df6a4f,54.241.251.238;172.31.25.210,ec2-54-241-251-238.us-west-1.compute.amazonaws.com;ip-172-31-25-210.us-west-1.compute.internal,OS:Linux
8c468898-f1c8-4298-a0b0-c8dcd4ad10d1,54.177.227.92;10.0.2.5,ec2-54-177-227-92.us-west-1.compute.amazonaws.com;ip-10-0-2-5.us-west-1.compute.internal,OS:Linux
80b422dd-1f44-4e59-8a48-cf1f1d84db61,10.0.2.244;54.78.56.91,ec2-54-78-56-91.eu-west-1.compute.amazonaws.com;ip-10-0-2-244.eu-west-1.compute.internal,OS:Linux
1a7b29ff-e39a-48cb-87b9-a1064acd3e20,3.95.238.143;10.0.2.246,ec2-3-95-238-143.compute-1.amazonaws.com;ip-10-0-2-246.ec2.internal,OS:Linux
d793bf44-3c57-460f-855a-5743276eb2e4,10.0.1.201;13.56.232.20,ip-10-0-1-201.us-west-1.compute.internal,OS:Linux
e813228e-170f-4bda-9234-58f99fec1058,10.0.2.6;18.212.204.91,ec2-18-212-204-91.compute-1.amazonaws.com;ip-10-0-2-6.ec2.internal,OS:Linux
d7b53be3-d65a-4374-99fa-80b91d477b12,172.26.48.54,slackware12.target.tenablesecurity.com,OS:Linux
7c983bf7-2eaf-4599-9433-f432523f96e5,10.0.0.8;15.206.67.177,ec2-15-206-67-177.ap-south-1.compute.amazonaws.com;ip-10-0-0-8.ap-south-1.compute.internal,OS:Linux
592c9621-1f3f-41b4-bbfc-f63bda627662,3.249.107.94;10.0.0.30,ec2-3-249-107-94.eu-west-1.compute.amazonaws.com;ip-10-0-0-30.eu-west-1.compute.internal,OS:Linux
ef6cf8a5-3abf-480c-8f2d-5438d040bb5a,10.0.1.31;18.156.80.12,ip-10-0-1-31.eu-central-1.compute.internal,OS:Linux
8b9b8a7b-e9c6-48d8-9f18-96bbaa629a24,172.26.48.29,xenserver65.target.tenablesecurity.com,OS:Linux
286a0759-c118-4ca4-b602-3345c4872776,192.168.13.206,ip-192-168-13-206.ec2.internal,OS:Linux
fce1a0c7-9f7c-42f0-9aa9-4fd4e6b613b4,192.168.18.180,neng-a3-win2k8r2entx64.agentlab.qa,OS:Linux
bf4014fe-1b60-4341-9ee5-5f8843ae3c51,172.26.48.155,fedoraserver26.target.tenablesecurity.com,OS:Linux
a383b36e-a9cf-4fb0-89c7-4a8649543b6f,172.31.10.207,ip-172-31-10-207.us-west-1.compute.internal,OS:Linux
ba2b510c-0d60-47ed-9694-6a2b824b515b,3.25.253.100;10.0.0.158,ec2-3-25-253-100.ap-southeast-2.compute.amazonaws.com;ip-10-0-0-158.ap-southeast-2.compute.internal,OS:Linux
98596850-e4f9-411b-92d6-34a6eecc40e3,10.0.2.246,ip-10-0-2-246.eu-central-1.compute.internal,OS:Linux
5708533a-deec-444a-a464-924e5e763f02,10.0.2.248;54.78.33.52,ec2-54-78-33-52.eu-west-1.compute.amazonaws.com;ip-10-0-2-248.eu-west-1.compute.internal,OS:Linux
26dd9c90-6342-4a7a-8913-10ef8f139f4a,34.232.62.130;10.0.0.71,ec2-34-232-62-130.compute-1.amazonaws.com;ip-10-0-0-71.ec2.internal,OS:Linux
04452a42-5383-4b08-a79a-3571fb8e9522,10.0.0.7;18.207.224.143,ec2-18-207-224-143.compute-1.amazonaws.com;ip-10-0-0-7.ec2.internal,OS:Linux
a2b3c708-9010-4b2e-8518-1b067ab0f5a2,10.0.2.8;3.249.120.34,ec2-3-249-120-34.eu-west-1.compute.amazonaws.com;ip-10-0-2-8.eu-west-1.compute.internal,OS:Linux
971dccaf-176e-4f75-9e2d-3190a9987865,10.0.2.5;35.177.126.147,ec2-35-177-126-147.eu-west-2.compute.amazonaws.com;ip-10-0-2-5.eu-west-2.compute.internal,OS:Linux
2ddc5583-b9f4-4494-99d3-eec5a6ab25b7,10.0.2.6;13.40.106.137,ec2-13-40-106-137.eu-west-2.compute.amazonaws.com;ip-10-0-2-6.eu-west-2.compute.internal,OS:Linux
0bfc8e18-f951-4496-9ac1-068c94767e86,10.0.2.248;3.80.155.67,ec2-3-80-155-67.compute-1.amazonaws.com;ip-10-0-2-248.ec2.internal,OS:Linux
921bf712-3f81-47ad-922b-131e6378bab4,10.0.0.158,ip-10-0-0-158.us-west-1.compute.internal,OS:Linux
828b7ab5-b11a-4dcc-bb86-46045a3625c6,172.26.48.51,rhel5x64.target.tenablesecurity.com,OS:Linux
3b53ecf9-c3b6-444b-a00a-0a8a6dd1c9b8,10.0.0.158;18.138.228.103,ec2-18-138-228-103.ap-southeast-1.compute.amazonaws.com;ip-10-0-0-158.ap-southeast-1.compute.internal,OS:Linux
26668b0d-f106-466f-b225-e9d403472b1a,52.91.181.64;172.31.8.5,ec2-52-91-181-64.compute-1.amazonaws.com;ip-172-31-8-5.ec2.internal,OS:Linux
8e24b8ea-0a08-409f-bf7f-2e0f23635d10,3.250.107.198;10.0.0.110,ec2-3-250-107-198.eu-west-1.compute.amazonaws.com;ip-10-0-0-110.eu-west-1.compute.internal,OS:Linux
be84f0bf-2898-47a0-b925-600ab6c29a02,10.0.2.6;63.32.88.200,ec2-63-32-88-200.eu-west-1.compute.amazonaws.com;ip-10-0-2-6.eu-west-1.compute.internal,OS:Linux
6615b0fa-a0d6-4257-b1aa-f1f3375e76e5,3.80.101.203;10.0.0.186,ip-10-0-0-186.ec2.internal,OS:Linux
b36e3c56-c7ee-4aca-bbb1-b2a4d058e499,192.168.97.253,dev-benchmark.dc.demo.io,OS:Linux
9ae9dd48-d711-4f1e-9bc7-e9fc8f667f85,13.229.145.10;10.0.0.200,ec2-13-229-145-10.ap-southeast-1.compute.amazonaws.com;ip-10-0-0-200.ap-southeast-1.compute.internal,OS:Linux
7e76c51b-f24b-46ae-bb3c-a50dd21fa0f4,3.26.16.233;10.0.0.30,ec2-3-26-16-233.ap-southeast-2.compute.amazonaws.com;ip-10-0-0-30.ap-southeast-2.compute.internal,OS:Linux
7cf2e8f2-cfb9-4ef9-967d-d7bccb6873e6,10.0.2.8;35.181.4.250,ec2-35-181-4-250.eu-west-3.compute.amazonaws.com;ip-10-0-2-8.eu-west-3.compute.internal,OS:Linux
84abd79f-cccd-40df-acb1-cc503ad67da0,10.0.1.115;18.144.50.180,ip-10-0-1-115.us-west-1.compute.internal,OS:Linux
2aaf11cc-e76f-468f-b066-c323680d0644,10.0.2.7;54.217.24.254,ec2-54-217-24-254.eu-west-1.compute.amazonaws.com;ip-10-0-2-7.eu-west-1.compute.internal,OS:Linux
718ee3d4-7c51-4323-82ed-3072202861bc,192.168.48.32,ubuntu2004serv.dc.demo.io,OS:Linux
b381c774-3e65-48c7-9cda-867e11150b9f,13.233.53.138;10.0.0.31,ec2-13-233-53-138.ap-south-1.compute.amazonaws.com;ip-10-0-0-31.ap-south-1.compute.internal,OS:Linux
35b69eb6-d17b-49a5-8788-fbebd9590bb9,10.0.2.124,ip-10-0-2-124.ec2.internal,OS:Linux
ba05d6bf-8abf-45d1-9d4c-822ab75e1867,10.0.0.158;13.213.5.171,ec2-13-213-5-171.ap-southeast-1.compute.amazonaws.com;ip-10-0-0-158.ap-southeast-1.compute.internal,OS:Linux
c14fdc56-e41b-4191-bbbf-a2df677d60ec,10.0.0.71,ip-10-0-0-71.eu-west-1.compute.internal,OS:Linux
94c8b482-b865-4ded-8a5c-5f84e2a855e2,10.0.2.246;13.57.222.184,ec2-13-57-222-184.us-west-1.compute.amazonaws.com;ip-10-0-2-246.us-west-1.compute.internal,OS:Linux
843d77ff-d5a3-49d8-ad1f-62a1a90d6eb1,192.168.0.231,research-nlf-001.dc.demo.io,OS:Linux
05dd48ff-eb55-4282-9230-7db49885de4e,192.168.18.233,neng-m1-win2k8r2entx64.agentlab.qa,OS:Linux
88ce4265-b09f-4146-a421-0b9912ba7693,10.0.2.248;13.38.53.12,ec2-13-38-53-12.eu-west-3.compute.amazonaws.com;ip-10-0-2-248.eu-west-3.compute.internal,OS:Linux
c35c4382-4de1-4d17-b3fc-9d0bcffbd950,172.31.200.245;54.67.94.144,ec2-54-67-94-144.us-west-1.compute.amazonaws.com;ip-172-31-200-245.us-west-1.compute.internal,OS:Linux
4c3136cb-d7f2-4e47-a8fd-adb3de7bfda9,10.0.0.71;3.26.80.36,ec2-3-26-80-36.ap-southeast-2.compute.amazonaws.com;ip-10-0-0-71.ap-southeast-2.compute.internal,OS:Linux
757ca7c0-1882-4a62-8f75-5303071e12d6,192.168.48.19,centos8.dc.demo.io,OS:Linux
d441b871-ef19-4b9f-b550-85901d9bf1e2,10.0.2.5,ip-10-0-2-5.eu-west-1.compute.internal,OS:Linux
f486035e-0209-42b0-9695-23ff875ef08a,10.0.2.246;52.53.181.215,ec2-52-53-181-215.us-west-1.compute.amazonaws.com;ip-10-0-2-246.us-west-1.compute.internal,OS:Linux
aea5a0d2-33d9-48dd-aff2-1a67c25e1043,172.26.48.53,rhel6x64.target.tenablesecurity.com,OS:Linux
7ff3f889-f42d-472a-b80b-adc4e36f7de6,10.0.2.6;35.182.66.236,ec2-35-182-66-236.ca-central-1.compute.amazonaws.com;ip-10-0-2-6.ca-central-1.compute.internal,OS:Linux
2e3f60eb-3934-4f58-b5e3-d54e3f6113dc,54.164.20.9;172.31.52.75,ec2-54-164-20-9.compute-1.amazonaws.com;ip-172-31-52-75.ec2.internal,OS:Linux
1a945326-04bb-4357-bdee-0028a910a070,10.0.2.244;23.22.154.225,ec2-23-22-154-225.compute-1.amazonaws.com;ip-10-0-2-244.ec2.internal,OS:Linux
48e141f7-c19f-4134-b0bb-d83bfadf27bc,10.0.2.248,ip-10-0-2-248.us-east-2.compute.internal,OS:Linux
cf3f2f68-3504-4c5e-aeb4-976ae085225a,10.0.0.8;3.145.83.189,ec2-3-145-83-189.us-east-2.compute.amazonaws.com;ip-10-0-0-8.us-east-2.compute.internal,OS:Linux
7ed16098-90ad-40ee-b489-094e18ca3af8,192.168.97.95,tenable-7xpfu3ma.dc.demo.io,OS:Linux
2f6e1000-53a9-4d52-937a-a5953fe07b71,10.0.2.8;3.70.204.84,ec2-3-70-204-84.eu-central-1.compute.amazonaws.com;ip-10-0-2-8.eu-central-1.compute.internal,OS:Linux
bb3a936a-db4d-4751-af4c-5d6f31335359,192.168.0.17,g610.dc.demo.io,OS:Linux
b1b0c102-112d-4778-bd90-ea73a5595896,54.163.214.89;172.31.21.154,ec2-54-163-214-89.compute-1.amazonaws.com;ip-172-31-21-154.ec2.internal,OS:Linux
1ad7d903-41b8-460f-a663-3b4b9e1bc2f7,3.27.46.119;10.0.0.31,ec2-3-27-46-119.ap-southeast-2.compute.amazonaws.com;ip-10-0-0-31.ap-southeast-2.compute.internal,OS:Linux
878aca10-c560-4cdd-8940-da5e6f1d62d5,172.26.48.52,rhel6x86.target.tenablesecurity.com,OS:Linux
518519e7-94b8-4665-83fa-1efc8e3f8969,172.31.61.24;3.94.185.193,ec2-3-94-185-193.compute-1.amazonaws.com;ip-172-31-61-24.ec2.internal,OS:Linux
42d66a69-f8a9-4b7f-9536-b5cb8374faa5,192.168.18.221,centos8.dc.demo.io,OS:Linux
f8783d56-8890-4d91-92b6-ccf5973091b5,172.31.11.62,ip-172-31-11-62.us-west-1.compute.internal,OS:Linux
58ace826-fe7f-4bb5-8b65-f68d51d177db,54.202.30.59,target1.pubtarg.tenablesecurity.com,OS:Linux
fd9bba0d-c399-4c7a-9aee-38bfeb7b46d7,10.0.0.158;34.243.50.179,ec2-34-243-50-179.eu-west-1.compute.amazonaws.com;ip-10-0-0-158.eu-west-1.compute.internal,OS:Linux
ad7f65c4-5ba6-49b5-bef8-abf6edfff673,3.70.202.206;10.0.2.7,ec2-3-70-202-206.eu-central-1.compute.amazonaws.com;ip-10-0-2-7.eu-central-1.compute.internal,OS:Linux
350e21f2-07f5-473c-b76a-c55a81c1b2b4,10.0.2.5;54.216.111.60,ec2-54-216-111-60.eu-west-1.compute.amazonaws.com;ip-10-0-2-5.eu-west-1.compute.internal,OS:Linux
f737c640-1f21-4531-b4b8-1efb699a98fc,10.0.2.246,ip-10-0-2-246.us-east-2.compute.internal,OS:Linux
f9589547-d213-4993-bf9a-9f137ecbde06,192.168.97.84,tenable-2sv9fdjp.dc.demo.io,OS:Linux
a4e2008c-5672-49b4-89b1-1a2e3f816dd9,54.196.1.196;172.31.6.167,ec2-54-196-1-196.compute-1.amazonaws.com;ip-172-31-6-167.ec2.internal,OS:Linux
1a4ae0a5-b9e4-40da-86af-f7aab52291c6,192.168.48.47,ubuntu1804.dc.demo.io,OS:Linux
84426c3e-5894-435f-a820-4d8f5aff0713,10.0.2.5;3.95.181.68,ec2-3-95-181-68.compute-1.amazonaws.com;ip-10-0-2-5.ec2.internal,OS:Linux
988c8ec5-1cef-40a2-944b-494eaad68c2a,18.117.158.110;10.0.0.31,ec2-18-117-158-110.us-east-2.compute.amazonaws.com;ip-10-0-0-31.us-east-2.compute.internal,OS:Linux
bb84152c-7a03-4b89-9e21-b3d91edd7f2e,10.0.0.8;13.238.182.250,ec2-13-238-182-250.ap-southeast-2.compute.amazonaws.com;ip-10-0-0-8.ap-southeast-2.compute.internal,OS:Linux
9a1a7043-b748-4c2d-9614-1c44e22926b7,10.0.2.34,ip-10-0-2-34.ap-southeast-2.compute.internal,OS:Windows
17dc52f9-945b-42cc-9c70-f2ff73c1ac2a,10.0.2.87,ip-10-0-2-87.ap-southeast-2.compute.internal,OS:Windows
dbe2720d-e2b4-4831-9e8d-387a768367c6,192.168.48.150,opensuse42.dc.demo.io,OS:Linux
374d8b7a-5161-45d2-8c8c-a6b3d09c709c,192.168.97.92,kk-frosty-wiles.dc.demo.io,OS:Linux
2b150541-ec3b-42c0-82a1-aba9c64c4adc,54.219.3.249;10.0.2.8,ec2-54-219-3-249.us-west-1.compute.amazonaws.com;ip-10-0-2-8.us-west-1.compute.internal,OS:Linux
567e0ec9-96ec-4c29-8d67-c2e02a627e99,172.26.48.28,ubuntu1710-server.target.tenablesecurity.com,OS:Linux
ad8ad124-9abb-4c18-b634-c716cbb6d454,10.0.2.5;15.188.85.85,ec2-15-188-85-85.eu-west-3.compute.amazonaws.com;ip-10-0-2-5.eu-west-3.compute.internal,OS:Linux
4d6cb9b9-267d-459e-a0c2-f4a0882794d5,13.215.157.216;10.0.0.31,ec2-13-215-157-216.ap-southeast-1.compute.amazonaws.com;ip-10-0-0-31.ap-southeast-1.compute.internal,OS:Linux
c9ab5df3-0d92-49b8-a29d-3d07767b83cb,172.26.48.24,centos6.target.tenablesecurity.com,OS:Linux
292d84b1-8fb0-4479-bdfe-12c9730d3622,10.0.2.248;18.159.149.118,ec2-18-159-149-118.eu-central-1.compute.amazonaws.com;ip-10-0-2-248.eu-central-1.compute.internal,OS:Linux
c7352c9b-3b36-44e7-a232-1d98a3fab44b,172.26.48.151,ubuntu17.target.tenablesecurity.com,OS:Linux
ce7c8844-f6e5-43e7-b9c5-525958c882e7,10.0.0.71;13.233.127.244,ec2-13-233-127-244.ap-south-1.compute.amazonaws.com;ip-10-0-0-71.ap-south-1.compute.internal,OS:Linux
42627320-c132-4f9c-9112-7f641f761359,10.0.0.158;54.78.136.2,ec2-54-78-136-2.eu-west-1.compute.amazonaws.com;ip-10-0-0-158.eu-west-1.compute.internal,OS:Linux
8357b86f-1ab7-48a1-b648-14198daac3a0,10.0.2.246,ip-10-0-2-246.eu-west-3.compute.internal,OS:Linux
03cc8552-0453-41bf-b508-e18c6d471273,10.0.2.243,ip-10-0-2-243.ec2.internal,OS:Linux
a0d390b6-2d62-4aed-bb91-70db8fa55d63,172.26.48.146,appliance4_2.target.tenablesecurity.com,OS:Linux
9c7ce860-fa58-4734-aa17-493767d0facc,3.20.225.109;10.0.2.153,ec2-3-20-225-109.us-east-2.compute.amazonaws.com;ip-10-0-2-153.us-east-2.compute.internal,OS:Linux
6144807a-d20b-4996-ad29-ab1dd74fac3b,172.26.48.127,jboss-630.target.tenablesecurity.com,OS:Linux
a19bfa0d-6b5d-4bf3-9a54-6f6c56daa052,10.0.2.244;3.10.227.140,ec2-3-10-227-140.eu-west-2.compute.amazonaws.com;ip-10-0-2-244.eu-west-2.compute.internal,OS:Linux
66d49e69-217e-4795-90ef-5772ad40d5ff,3.139.56.188;10.0.2.50,ec2-3-139-56-188.us-east-2.compute.amazonaws.com;ip-10-0-2-50.us-east-2.compute.internal,OS:Linux
4c42359e-ad5d-454e-bc4b-7ad5ad392ede,10.0.2.248;3.96.190.0,ec2-3-96-190-0.ca-central-1.compute.amazonaws.com;ip-10-0-2-248.ca-central-1.compute.internal,OS:Linux
062718c6-8bcc-47d3-b122-fcd74630cf71,10.0.2.248;13.38.89.76,ec2-13-38-89-76.eu-west-3.compute.amazonaws.com;ip-10-0-2-248.eu-west-3.compute.internal,OS:Linux
c103b9db-3efd-4994-8f3a-1d1f0d923695,192.168.0.34,hmc.dc.demo.io,OS:Linux
14be5531-03e1-4671-9910-68ecee7d7494,54.253.72.103;10.0.0.200,ec2-54-253-72-103.ap-southeast-2.compute.amazonaws.com;ip-10-0-0-200.ap-southeast-2.compute.internal,OS:Linux
c722ec04-292d-4a1d-88f9-6702c2ebb0b1,34.217.50.146;10.0.0.30,ec2-34-217-50-146.us-west-2.compute.amazonaws.com;ip-10-0-0-30.us-west-2.compute.internal,OS:Linux
2687ba74-1074-4b8c-a6fd-df4eb2877d60,52.18.241.13;10.0.0.200,ec2-52-18-241-13.eu-west-1.compute.amazonaws.com;ip-10-0-0-200.eu-west-1.compute.internal,OS:Linux
e39f997c-8d6e-4e74-8c2f-ab0cc0c9a1c5,172.31.200.15;54.193.29.215;172.31.200.80;172.31.200.215;172.31.200.159;172.31.200.85;172.31.200.230;172.31.200.241;172.31.200.119;172.31.200.180;172.31.200.83;172.31.200.146;172.31.200.60;172.31.200.183;172.31.200.92;172.31.200.81;172.31.200.40;172.31.200.32;172.31.200.16,ec2-54-193-29-215.us-west-1.compute.amazonaws.com;ip-172-31-200-159.us-west-1.compute.internal;ip-172-31-200-183.us-west-1.compute.internal;ip-172-31-200-15.us-west-1.compute.internal,OS:Linux
8b248267-b212-47c3-8be4-58d53c56bd55,10.0.0.8;13.211.2.203,ec2-13-211-2-203.ap-southeast-2.compute.amazonaws.com;ip-10-0-0-8.ap-southeast-2.compute.internal,OS:Linux
c1512a9c-4de0-424c-99f9-660beae67b87,192.168.97.98,sc-automation-nessus.dc.demo.io,OS:Linux
95f85329-8029-4636-9513-dc37cb54d138,18.170.37.248;10.0.0.30,ec2-18-170-37-248.eu-west-2.compute.amazonaws.com;ip-10-0-0-30.eu-west-2.compute.internal,OS:Linux
46084799-f1fa-4c10-b19a-b9f51d04236c,192.168.0.107,merakms120-8.dc.demo.io,OS:Linux
6a0d6e63-06ea-4db4-b633-4572e27b976d,3.126.248.247;10.0.2.7,ec2-3-126-248-247.eu-central-1.compute.amazonaws.com;ip-10-0-2-7.eu-central-1.compute.internal,OS:Linux
33daa9a0-2775-49ff-ad58-96370890c3a2,172.26.48.153,debian9.target.tenablesecurity.com,OS:Linux
322786a5-fdbf-4e35-8d8a-9fffedc82458,10.168.9.10,ip-10-168-9-10.data.tenable.com,OS:Linux
2fa27abf-9f4f-42ac-a643-828c0879463a,10.0.0.30,ip-10-0-0-30.ap-southeast-1.compute.internal,OS:Linux
6b899b1a-9128-4366-ab06-af71d46639d1,54.154.107.227;10.0.0.31,ec2-54-154-107-227.eu-west-1.compute.amazonaws.com;ip-10-0-0-31.eu-west-1.compute.internal,OS:Linux
20d39e54-7f87-4eac-99c9-7d01bf41dd5e,192.168.0.105,merakimr20.dc.demo.io,OS:Linux
302eeafd-0fea-4d2f-8d32-d5b9022780c4,172.26.48.12,fedoraserver25.target.tenablesecurity.com,OS:Linux
becd2bb8-0234-43ad-bb70-00cdb4581e75,10.0.0.71;54.154.39.187,ec2-54-154-39-187.eu-west-1.compute.amazonaws.com;ip-10-0-0-71.eu-west-1.compute.internal,OS:Linux
306b4531-b9fe-449a-ab96-2ea63e58a7bb,172.26.48.23,centos5x64.target.tenablesecurity.com,OS:Linux
b41ba35c-f9fe-48e1-8949-2eb0f092caf2,192.168.97.47,tenable-b92gx8a8.dc.demo.io,OS:Linux
cd261008-6229-4e49-a92d-f92f4fc7965b,18.169.193.40;10.0.2.7,ec2-18-169-193-40.eu-west-2.compute.amazonaws.com;ip-10-0-2-7.eu-west-2.compute.internal,OS:Linux
6fe4f712-62e9-493d-a15b-9529b3cfb048,10.0.0.62;65.0.76.68,ec2-65-0-76-68.ap-south-1.compute.amazonaws.com;ip-10-0-0-62.ap-south-1.compute.internal,OS:Linux
e5fe164b-ab4c-4d76-83df-cddbeec42268,10.0.2.244,ip-10-0-2-244.ca-central-1.compute.internal,OS:Linux
4cfa593a-de36-44fa-9c2a-91591b610ca2,10.0.2.8;13.38.61.165,ec2-13-38-61-165.eu-west-3.compute.amazonaws.com;ip-10-0-2-8.eu-west-3.compute.internal,OS:Linux
7191a5a7-5b9f-41d4-82a3-a7afe809a396,13.212.124.241;10.0.0.8,ec2-13-212-124-241.ap-southeast-1.compute.amazonaws.com;ip-10-0-0-8.ap-southeast-1.compute.internal,OS:Linux
ec79947c-c9de-46a0-b323-a089f90a4e70,10.0.0.8;18.130.148.251,ec2-18-130-148-251.eu-west-2.compute.amazonaws.com;ip-10-0-0-8.eu-west-2.compute.internal,OS:Linux
173b3339-075a-46ce-8d31-ed5ca7812cba,172.31.88.213;44.201.106.157,ec2-44-201-106-157.compute-1.amazonaws.com;ip-172-31-88-213.ec2.internal,OS:Linux
b4e2e830-b4fd-437a-a537-845c6cbdcabf,13.58.255.18;10.0.0.150,ec2-13-58-255-18.us-east-2.compute.amazonaws.com;ip-10-0-0-150.us-east-2.compute.internal,OS:Linux
44d8d9e3-1356-4cc4-aa7d-a428f9d7e56d,10.0.2.5;13.40.76.2,ec2-13-40-76-2.eu-west-2.compute.amazonaws.com;ip-10-0-2-5.eu-west-2.compute.internal,OS:Linux
fb069b6e-28c1-433d-abf9-8b1ff6984e27,172.26.48.143,ubuntu1601464.target.tenablesecurity.com,OS:Linux
6ff43939-85b4-4731-b8ad-c74d1d5df267,3.0.48.140;10.0.0.200,ec2-3-0-48-140.ap-southeast-1.compute.amazonaws.com;ip-10-0-0-200.ap-southeast-1.compute.internal,OS:Linux
76b1adb5-dbf9-4fba-a163-e0935ca26457,172.31.31.88,ip-172-31-31-88.us-west-1.compute.internal,OS:Linux
fcc87e5c-cce7-403b-b990-16bd92185ad2,10.0.2.245;3.89.224.33,ec2-3-89-224-33.compute-1.amazonaws.com;ip-10-0-2-245.ec2.internal,OS:Linux
2569e056-91b7-4f86-b649-f31e1152aa4c,18.142.139.137;10.0.0.31,ec2-18-142-139-137.ap-southeast-1.compute.amazonaws.com;ip-10-0-0-31.ap-southeast-1.compute.internal,OS:Linux
e03a4e90-5384-4098-9a08-f5771c95143f,3.121.117.252;10.0.1.7;10.0.1.8,ip-10-0-1-7.eu-central-1.compute.internal,OS:Linux
7dc13f7d-5baa-4461-91e5-d1e2b606f232,10.0.2.6;35.157.7.44,ec2-35-157-7-44.eu-central-1.compute.amazonaws.com;ip-10-0-2-6.eu-central-1.compute.internal,OS:Linux
95e13450-fb7d-450c-8739-0012e0226f6b,172.26.48.44,opensuse12.target.tenablesecurity.com,OS:Linux
48c85f80-82b4-4f8c-86b3-f31ee18cddf7,18.141.170.191;10.0.0.31,ec2-18-141-170-191.ap-southeast-1.compute.amazonaws.com;ip-10-0-0-31.ap-southeast-1.compute.internal,OS:Linux
10f2ff49-8d73-4553-b718-cb75975a57c9,10.0.0.158,ip-10-0-0-158.ap-southeast-1.compute.internal,OS:Linux
b9e8872b-24e2-454e-a664-9ec7fd8ec6c9,172.26.48.154,fedorawork26.target.tenablesecurity.com,OS:Linux
8f3972b4-d77b-4270-b916-e3617a5fec19,44.211.33.68;10.0.0.30,ec2-44-211-33-68.compute-1.amazonaws.com;ip-10-0-0-30.ec2.internal,OS:Linux
c1a43807-a0a3-47c0-a9db-e9c5c2e59fa7,172.26.48.32,slackware14.target.tenablesecurity.com,OS:Linux
fb53344f-b96e-4bf2-bdc8-8b76b812606b,10.0.2.248,ip-10-0-2-248.eu-west-3.compute.internal,OS:Linux
91b46a2c-7cff-465b-a4eb-132e7e968234,192.168.97.49,cent7sw.dc.demo.io,OS:Linux
f5f5f9d3-1566-4ff0-8915-2dfdc090f221,172.26.48.129,fedorawork24.target.tenablesecurity.com,OS:Linux
2f69289c-7d3e-4f22-b84c-293c73704044,10.0.2.6;3.251.241.161,ec2-3-251-241-161.eu-west-1.compute.amazonaws.com;ip-10-0-2-6.eu-west-1.compute.internal,OS:Linux
de834b3f-2da4-48da-b2cc-f38169e4a2b1,52.16.64.38;10.0.0.30,ec2-52-16-64-38.eu-west-1.compute.amazonaws.com;ip-10-0-0-30.eu-west-1.compute.internal,OS:Linux
46713596-59b3-4c74-aac3-b0c5b846c655,10.0.1.191;54.67.119.205,ip-10-0-1-191.us-west-1.compute.internal,OS:Linux
b02501df-7e06-430d-bd9c-57b67f8301b1,10.0.2.6;50.18.102.14,ec2-50-18-102-14.us-west-1.compute.amazonaws.com;ip-10-0-2-6.us-west-1.compute.internal,OS:Linux
39e70f2c-91ef-4325-aa39-886254160027,3.25.118.144;10.0.0.30,ec2-3-25-118-144.ap-southeast-2.compute.amazonaws.com;ip-10-0-0-30.ap-southeast-2.compute.internal,OS:Linux
21271c95-4d1d-4cb6-a74e-59ad4104f746,192.168.97.74,nessus-manager.dc.demo.io,OS:Linux
26adc4b9-77fe-4d1d-9194-226f7e44185d,192.168.48.103,centos7.dc.demo.io,OS:Linux
39eab0a6-91ea-42ba-8ee8-b6396ec0f6b3,192.168.48.18,debian11.dc.demo.io,OS:Linux
fedc9703-84c3-417b-bf59-603160539549,172.26.48.105,debian7.target.tenablesecurity.com,OS:Linux
0a770e36-7609-4728-9f55-54d5dc692605,192.168.0.81,netmon.dc.demo.io,OS:Linux
e48d8f12-14b2-491e-bae0-1ee33f4c0b70,3.239.57.220;10.0.0.158,ec2-3-239-57-220.compute-1.amazonaws.com;ip-10-0-0-158.ec2.internal,OS:Linux
0b1441df-f5d4-4c80-bb1f-43a84e5125ce,13.213.5.204;10.0.0.158,ec2-13-213-5-204.ap-southeast-1.compute.amazonaws.com;ip-10-0-0-158.ap-southeast-1.compute.internal,OS:Linux
9599a7a6-fa07-4349-81b4-e6092e1a6d94,35.176.82.96;10.0.2.7,ec2-35-176-82-96.eu-west-2.compute.amazonaws.com;ip-10-0-2-7.eu-west-2.compute.internal,OS:Linux
620edf1a-5730-4405-b560-1acedd11b9dd,3.140.210.72;10.0.0.145,ec2-3-140-210-72.us-east-2.compute.amazonaws.com;ip-10-0-0-145.us-east-2.compute.internal,OS:Linux
5bb3f826-4536-4e37-8539-ae7e8a004c55,18.143.199.34;10.0.0.71,ec2-18-143-199-34.ap-southeast-1.compute.amazonaws.com;ip-10-0-0-71.ap-southeast-1.compute.internal,OS:Linux
a0032627-9517-474f-a87a-a5af0840c4fb,192.168.0.137,smtpauth.dc.demo.io,OS:Linux
81971139-1b75-4b2a-9b7d-f890997279f6,192.168.48.63,kali2021.dc.demo.io,OS:Linux
d89cadcb-1b23-4841-a0f5-207319e2cc66,10.0.0.200;18.205.109.213,ec2-18-205-109-213.compute-1.amazonaws.com;ip-10-0-0-200.ec2.internal,OS:Linux
e7d22359-20fb-45c0-9665-5299dd5aaa9d,172.26.48.149,oraclelinux7_3.target.tenablesecurity.com,OS:Linux
071197f2-4a64-4b2d-87f4-d5f13dd47e65,10.0.0.238;18.197.138.253,ec2-18-197-138-253.eu-central-1.compute.amazonaws.com;ip-10-0-0-238.eu-central-1.compute.internal,OS:Linux
133f89eb-fc1b-478e-b080-5c3451628f65,10.0.0.7;65.0.92.66,ec2-65-0-92-66.ap-south-1.compute.amazonaws.com;ip-10-0-0-7.ap-south-1.compute.internal,OS:Linux
c3a695c3-f41f-4e6f-9d74-8c0829b01863,10.0.2.246,ip-10-0-2-246.ca-central-1.compute.internal,OS:Linux
d83d9835-b5d4-4a7e-b9c1-7a52ddd54534,3.25.209.220;10.0.0.144,ec2-3-25-209-220.ap-southeast-2.compute.amazonaws.com;ip-10-0-0-144.ap-southeast-2.compute.internal,OS:Linux
0a74ad65-a1ab-47b5-8e0b-b351b2b2f289,3.85.74.246;172.31.3.102,ec2-3-85-74-246.compute-1.amazonaws.com;ip-172-31-3-102.ec2.internal,OS:Linux
d5475e4d-6fc7-418d-8eb6-d0051bbc7f2e,3.235.155.90;10.0.2.97,ec2-3-235-155-90.compute-1.amazonaws.com;ip-10-0-2-97.ec2.internal,OS:Linux
383d1181-f86c-41d1-b857-4f0c6a97dfdc,10.0.2.6,ip-10-0-2-6.eu-west-1.compute.internal,OS:Linux
f0393eea-57fd-4898-89f2-74d2015cbb9b,18.184.214.8;10.0.0.252,ec2-18-184-214-8.eu-central-1.compute.amazonaws.com;ip-10-0-0-252.eu-central-1.compute.internal,OS:Linux
ca279673-052e-45a7-99da-47e87092125a,10.0.2.248;18.132.190.146,ec2-18-132-190-146.eu-west-2.compute.amazonaws.com;ip-10-0-2-248.eu-west-2.compute.internal,OS:Linux
0a664011-c75a-4d4c-bba1-4b327a9a0211,192.168.15.251,ip-192-168-15-251.ec2.internal,OS:Linux
a4792916-c7ea-43e9-92c5-d57e7e66395a,10.0.2.244;54.153.59.244,ec2-54-153-59-244.us-west-1.compute.amazonaws.com;ip-10-0-2-244.us-west-1.compute.internal,OS:Linux
829fdf91-69f7-42d5-b4d1-63eb90c111a5,10.0.0.200,ip-10-0-0-200.ap-southeast-1.compute.internal,OS:Linux
de5fd23c-2f33-4c52-b9fd-0619ac6ef9f4,10.0.2.5;54.226.136.15,ec2-54-226-136-15.compute-1.amazonaws.com;ip-10-0-2-5.ec2.internal,OS:Linux
07693489-d944-4d91-b721-25bba505d458,10.0.0.200,ip-10-0-0-200.us-west-1.compute.internal,OS:Linux
361433a9-a67a-4943-a182-720b5c9a4377,10.0.2.6;54.235.57.115,ec2-54-235-57-115.compute-1.amazonaws.com;ip-10-0-2-6.ec2.internal,OS:Linux
b52b84e6-c1be-463d-b4f6-fca708c87ec5,10.0.0.71,ip-10-0-0-71.us-west-1.compute.internal,OS:Linux
e8a07c3e-b6be-4b52-ac4c-92558f394ebc,10.0.0.7;52.27.206.164,ec2-52-27-206-164.us-west-2.compute.amazonaws.com;ip-10-0-0-7.us-west-2.compute.internal,OS:Linux
fa4cf226-ea0b-4b78-989b-98cb37e72879,10.0.2.8;18.170.116.89,ec2-18-170-116-89.eu-west-2.compute.amazonaws.com;ip-10-0-2-8.eu-west-2.compute.internal,OS:Linux
d20a3cfa-ab13-4089-8e08-37643ac419b8,52.5.115.129;192.168.9.8,ec2-52-5-115-129.compute-1.amazonaws.com;ip-192-168-9-8.ec2.internal,OS:Linux
a18c0da8-2f39-42bc-8cfd-d93b44105d0d,10.0.0.71;18.138.102.55,ec2-18-138-102-55.ap-southeast-1.compute.amazonaws.com;ip-10-0-0-71.ap-southeast-1.compute.internal,OS:Linux
ef289834-2bae-4c14-8073-7cfb140f4fea,192.168.0.87,juniperctpserver.dc.demo.io,OS:Linux
4351ee9d-9262-4ce4-a9c2-3b464f63f151,3.8.101.34;10.0.0.200,ec2-3-8-101-34.eu-west-2.compute.amazonaws.com;ip-10-0-0-200.eu-west-2.compute.internal,OS:Linux
8bc26477-801e-4263-badf-41578d542ea8,10.0.2.244;3.89.223.21,ec2-3-89-223-21.compute-1.amazonaws.com;ip-10-0-2-244.ec2.internal,OS:Linux
90715974-d05a-4cc6-9b16-3c24010131bf,192.168.48.17,oraclelinux8.dc.demo.io,OS:Linux
5ee0715f-7fa2-468e-b17c-da82a8336c06,10.0.0.7;54.180.87.5,ec2-54-180-87-5.ap-northeast-2.compute.amazonaws.com;ip-10-0-0-7.ap-northeast-2.compute.internal,OS:Linux
12c8b541-4126-4771-b081-f49e20116036,192.168.97.44,tenable-u7hcqyj9.dc.demo.io,OS:Linux
c7146459-1c91-403d-8a3a-a371e7ba33a1,172.26.48.24,centos6.target.tenablesecurity.com,OS:Linux
1f261879-a3e7-4d3a-883f-37044842b49b,172.26.48.130,debian832.target.tenablesecurity.com,OS:Linux
6ca3fcc7-cf65-4b74-80d9-65d58d499761,192.168.16.11,netservices2.dc.demo.io,OS:Linux
ffed44b5-2e35-4828-b9ed-8abda79db8be,192.168.0.84,steelhead.dc.demo.io,OS:Linux
6704aaf7-de65-49f2-9faf-af48ed2f9654,192.168.48.62,debian10.dc.demo.io,OS:Linux
bc0a0fd8-8447-47e0-b63b-e77abe1a9ab1,10.0.2.6;18.170.0.76,ec2-18-170-0-76.eu-west-2.compute.amazonaws.com;ip-10-0-2-6.eu-west-2.compute.internal,OS:Linux
783b5439-bdbe-46a5-8cd9-cd4ebad4ea40,192.168.18.231,neng-m1-win2k8r2entx64.agentlab.qa,OS:Linux
950ca19a-ad66-4d8d-a3e5-eece0ad567ec,192.168.97.87,tenable-j9r8k95e.dc.demo.io,OS:Linux
cc61a770-60f4-4cca-bc62-027dfdd3343a,10.0.2.244;54.154.235.162,ec2-54-154-235-162.eu-west-1.compute.amazonaws.com;ip-10-0-2-244.eu-west-1.compute.internal,OS:Linux
a8695872-f5cd-4b43-b22e-c8467bd8da7a,192.168.48.50,mysql.dc.demo.io,OS:Linux
9fcfd75f-45c2-43e8-8047-b0dfa495cd8e,3.81.185.206;172.31.2.174,ec2-3-81-185-206.compute-1.amazonaws.com;ip-172-31-2-174.ec2.internal,OS:Linux
faf51d14-f278-4392-8072-892477dad438,192.168.0.22,pa-820.dc.demo.io,OS:Linux
25384a99-ae94-4db6-8920-abe2dfe40358,10.0.0.207;3.142.79.82,ec2-3-142-79-82.us-east-2.compute.amazonaws.com;ip-10-0-0-207.us-east-2.compute.internal,OS:Linux
f1f5bb68-9b53-4324-8901-77283b9ab654,10.0.0.71;52.19.182.240,ec2-52-19-182-240.eu-west-1.compute.amazonaws.com;ip-10-0-0-71.eu-west-1.compute.internal,OS:Linux
1016cd58-9fde-4490-8390-c3a0d7d3e934,3.16.68.12;10.0.0.30,ec2-3-16-68-12.us-east-2.compute.amazonaws.com;ip-10-0-0-30.us-east-2.compute.internal,OS:Linux
e627f392-5871-4edf-b4e6-bdd6a02c71f9,192.168.97.82,ubuntusw2104.dc.demo.io,OS:Linux
283df08c-612c-4200-84f2-e528f98cce90,10.0.1.31;3.71.16.239,ip-10-0-1-31.eu-central-1.compute.internal,OS:Linux
e153f68f-2380-4711-9e5b-f4e1d2e75035,172.31.9.154;54.87.160.176,ec2-54-87-160-176.compute-1.amazonaws.com;ip-172-31-9-154.ec2.internal,OS:Linux
c47e2699-15d2-4b45-a138-76f1e9dfbed4,10.0.2.8;54.173.152.123,ec2-54-173-152-123.compute-1.amazonaws.com;ip-10-0-2-8.ec2.internal,OS:Linux
c428961a-30e8-4ebe-a0ee-54d1b39a931d,10.0.2.244;54.193.110.154,ec2-54-193-110-154.us-west-1.compute.amazonaws.com;ip-10-0-2-244.us-west-1.compute.internal,OS:Linux
11300784-6dff-4b4a-900c-ec48cc8992b0,192.168.8.60,ip-192-168-8-60.ec2.internal,OS:Linux
907c2349-8213-4f43-b314-48b514a0c9a8,10.0.0.51,ip-10-0-0-51.us-west-1.compute.internal,OS:Linux
10967e03-117e-4e8e-b6c7-b9e4a7304d4c,192.168.48.153,debian9.dc.demo.io,OS:Linux
ac3937ce-ba92-40bb-87cc-f8243b2f84c5,10.0.2.248,ip-10-0-2-248.eu-central-1.compute.internal,OS:Linux
